,Unnamed: 0,num_nodes,num_edges,time,Degree mean,Degree std,Top10Degree mean,Top10Degree std,Top10 Degree mean ratio,DCmean,DCstd,clustermean,clusterstd,modularity,transitivity,eig_mean,eig_std,closenessmean,closenessstd,Components_cnt,giant_com_ratio,token,core_cnt,core_ratio,avg_core_neighbor
0,0,702,807,2022/01/01,2.299145299,6.246617286,38.1,36.33623842,16.57137546,0.003279808,0.008911009,0.005408479,0.067652243,0.757362391,0.001018883,0.01411721,0.035027897,0.140052765,0.071031164,57,0.813390313,AAVE,1,0.001424501,140
1,1,522,612,2022/02/01,2.344827586,5.278779274,30.9,23.94646808,13.17794118,0.004500629,0.010132014,0.007448241,0.078656351,0.76140053,0.001113586,0.016945902,0.040393948,0.150175248,0.064852869,31,0.865900383,AAVE,9,0.017241379,32.66666667
2,2,628,740,2022/03/01,2.356687898,5.762456435,36.2,28.70075493,15.36054054,0.003758673,0.009190521,0.008564949,0.083774985,0.75765157,0.001051617,0.015553882,0.036777537,0.136293799,0.067144821,48,0.829617834,AAVE,1,0.001592357,115
3,3,1061,1506,2022/04/01,2.838831291,6.846803424,61.9,26.3668563,21.80474768,0.002678143,0.006459249,0.019922938,0.116261243,0.713203185,0.006518433,0.014171063,0.027246793,0.155349363,0.064463071,57,0.87464656,AAVE,10,0.009425071,61.9
4,4,403,444,2022/05/01,2.203473945,3.394213373,19.9,8.659612514,9.031193694,0.005481278,0.008443317,0.001742907,0.018996126,0.774825501,0.005263158,0.021097514,0.0451813,0.133132634,0.06290726,31,0.833746898,AAVE,12,0.029776675,18.33333333
5,5,578,695,2022/06/01,2.404844291,4.755598076,30.5,18.34393633,12.68273381,0.004167841,0.008241938,0.00737173,0.062263517,0.766099063,0.006399147,0.018708977,0.037181579,0.133168507,0.065022304,42,0.825259516,AAVE,7,0.012110727,36.71428571
6,6,772,912,2022/07/01,2.362694301,6.535391586,42.3,38.95310571,17.90328947,0.003064454,0.008476513,0.007233988,0.075155924,0.770405317,0.002033094,0.013680835,0.033310792,0.14185397,0.067839655,45,0.839378238,AAVE,9,0.011658031,150
7,7,1235,1516,2021/08/01,2.455060729,8.793058255,75.1,59.71311042,30.58987467,0.001989514,0.007125655,0.016739015,0.115568181,0.7497187,0.002644761,0.010707376,0.026374836,0.16704602,0.069651151,73,0.869635628,AAVE,14,0.011336032,64.85714286
8,8,1196,1453,2021/09/01,2.429765886,8.79630487,66.3,67.57391015,27.28657949,0.002033277,0.007360925,0.02066625,0.127580956,0.759553175,0.003353482,0.011091131,0.026715238,0.157718673,0.07104539,70,0.851170569,AAVE,4,0.003344482,255
9,9,853,1056,2021/10/01,2.475967175,7.469402164,51.2,45.1929198,20.67878788,0.002906065,0.008766904,0.015580393,0.111860188,0.736380137,0.002369107,0.013455958,0.031502914,0.148660699,0.064186241,47,0.861664713,AAVE,14,0.016412661,44.07142857
10,10,920,1012,2021/11/01,2.2,7.092671201,46.2,50.28540765,21,0.002393906,0.007717814,0.005770416,0.064436447,0.780960002,0.001356573,0.012330643,0.030592958,0.126688884,0.071418176,82,0.782608696,AAVE,13,0.014130435,189
11,11,712,797,2021/12/01,2.238764045,6.231065283,37.6,37.2803195,16.79498118,0.003148754,0.008763805,0.00953896,0.081419175,0.781244441,0.002231388,0.014016208,0.034781308,0.129977123,0.069636866,57,0.796348315,AAVE,1,0.001404494,143
12,12,528,620,2022/01/10,2.348484848,5.657169351,30.5,28.37154286,12.98709677,0.004456328,0.010734667,0.006522381,0.06602413,0.743064516,0.003561023,0.01794285,0.039685973,0.151626955,0.070555295,36,0.846590909,AAVE,8,0.015151515,34.125
13,13,567,652,2022/02/10,2.299823633,5.385005681,31.7,26.02584186,13.78366564,0.004063293,0.009514144,0.007593716,0.075740946,0.760364523,0.002319417,0.016847881,0.038502361,0.142835765,0.063427243,34,0.855379189,AAVE,3,0.005291005,62.33333333
14,14,617,644,2022/03/10,2.087520259,3.887892024,27.3,14.11106737,13.07771739,0.003388832,0.006311513,0.010279875,0.091924611,0.819788974,0.006722689,0.013964073,0.037789744,0.092979013,0.061357013,72,0.708265802,AAVE,9,0.01458671,28.88888889
15,15,592,657,2022/04/10,2.219594595,4.320778253,30.9,10.51401181,13.92146119,0.003755659,0.007310962,0.006500961,0.064605759,0.811396528,0.003323837,0.017163052,0.037376177,0.106626528,0.059799986,50,0.765202703,AAVE,10,0.016891892,30.9
16,16,694,844,2022/05/10,2.432276657,4.766755517,35.1,14.33294573,14.43092417,0.003509779,0.006878435,0.025554077,0.141532652,0.760777919,0.016200132,0.018861544,0.032965592,0.147032259,0.063382659,43,0.864553314,AAVE,13,0.018731988,31
17,17,578,700,2022/06/10,2.422145329,4.75190312,32.5,14.2458571,13.41785714,0.004197826,0.008235534,0.009568022,0.078050806,0.754908163,0.009986684,0.020921495,0.035981033,0.155731289,0.06183625,31,0.880622837,AAVE,10,0.017301038,32.5
18,18,1244,1585,2021/07/10,2.548231511,10.11622348,78.2,80.48712803,30.68794953,0.002050066,0.008138555,0.023841682,0.139476574,0.732608942,0.002543335,0.011381038,0.025978318,0.181661442,0.06748286,53,0.899517685,AAVE,1,0.000803859,299
19,19,1054,1282,2021/08/10,2.432637571,8.68236127,64,62.25217533,26.30889236,0.002310197,0.008245357,0.010269095,0.090329072,0.74142635,0.001517268,0.012170976,0.028308908,0.158498227,0.072157015,64,0.852941176,AAVE,2,0.001897533,155.5
20,20,1101,1284,2021/09/10,2.332425068,7.780414363,63.3,49.28612606,27.13913551,0.002120386,0.007073104,0.017696997,0.119543254,0.769441897,0.00377089,0.011382853,0.027917804,0.145671772,0.069849749,79,0.835603996,AAVE,16,0.014532243,51.0625
21,21,854,1011,2021/10/10,2.367681499,6.645305089,46.6,37.53576073,19.68170129,0.002775711,0.00779051,0.014861046,0.111538262,0.759807303,0.00237424,0.012577755,0.031842543,0.145267782,0.069386114,64,0.829039813,AAVE,15,0.017564403,39.33333333
22,22,947,1169,2021/11/10,2.468848997,7.904278757,56.7,50.7456621,22.96616766,0.002609777,0.008355474,0.007541909,0.07259973,0.730819554,0.001631478,0.012848344,0.029863489,0.156870729,0.072569316,60,0.843717001,AAVE,13,0.013727561,50.23076923
23,23,777,907,2021/12/10,2.334620335,6.292791522,43.6,33.07298327,18.67541345,0.003008531,0.008109267,0.007870328,0.082069888,0.783960109,0.001086104,0.013052909,0.033437431,0.147589169,0.064406387,41,0.85971686,AAVE,14,0.018018018,37.14285714
24,24,520,585,2022/01/11,2.25,5.322634983,30.8,24.02683685,13.68888889,0.00433526,0.010255559,0.009486849,0.0898885,0.772177661,0.002226896,0.016886254,0.040510335,0.147143548,0.064820783,34,0.861538462,AAVE,10,0.019230769,30.8
25,25,636,707,2022/02/11,2.22327044,5.303140593,31.1,28.98064488,13.9884017,0.003501213,0.008351403,0.002761293,0.042815945,0.792462324,0.00122524,0.014319421,0.03700587,0.125155728,0.065447738,40,0.800314465,AAVE,3,0.004716981,39.33333333
26,26,601,629,2022/03/11,2.093178037,4.273324629,29,16.9246697,13.854531,0.00348863,0.007122208,0.005848191,0.071910666,0.818382069,0.002919235,0.014167812,0.038283224,0.094577037,0.06133894,65,0.708818636,AAVE,4,0.006655574,45.5
27,27,706,791,2022/04/11,2.240793201,4.551216057,33.6,17.30895722,14.99469027,0.00317843,0.006455626,0.006803668,0.069955576,0.798637804,0.003259689,0.015160192,0.034471471,0.126132994,0.06050368,50,0.830028329,AAVE,8,0.011331445,37.625
28,28,877,1056,2022/05/11,2.408209806,6.177720029,46.3,31.82958093,19.22589962,0.002749098,0.007052192,0.017670967,0.108932172,0.768544823,0.007910784,0.011730226,0.031682759,0.146875243,0.067779252,57,0.84036488,AAVE,15,0.017103763,38.2
29,29,650,839,2022/06/11,2.581538462,5.798647425,42,17.3973178,16.2693683,0.003977717,0.008934742,0.014180433,0.108458267,0.727949585,0.005393038,0.02016014,0.033671569,0.167047365,0.060180794,24,0.9,AAVE,11,0.016923077,40.09090909
30,30,1422,1753,2021/07/11,2.465541491,12.41596132,95.5,116.1103402,38.73388477,0.001735075,0.008737482,0.015378306,0.111771123,0.734705626,0.001338127,0.011120216,0.024082848,0.188941479,0.071583386,60,0.897327707,AAVE,2,0.00140647,261
31,31,1337,1659,2021/08/11,2.481675393,8.772737824,77.4,60.68717602,31.18860759,0.001857541,0.006566421,0.017767743,0.124810001,0.740743224,0.001949245,0.010057867,0.025441435,0.163607037,0.064514068,69,0.88631264,AAVE,1,0.000747943,246
32,32,1168,1367,2021/09/11,2.340753425,8.819448602,69.5,65.57480885,29.69129481,0.002005787,0.007557368,0.009042447,0.081957068,0.764737739,0.001588344,0.011344994,0.026982936,0.1521054,0.069581498,75,0.851027397,AAVE,1,0.000856164,249
33,33,783,920,2021/10/11,2.349936143,7.130866365,44.6,44.22216639,18.97923913,0.003005033,0.009118755,0.01354621,0.108773466,0.742205222,0.002273804,0.014124406,0.032848416,0.145457037,0.075650791,60,0.809706258,AAVE,16,0.020434227,36.125
34,34,788,902,2021/11/11,2.289340102,6.516914797,42.1,39.40798002,18.38957871,0.002908945,0.008280705,0.005393527,0.065151125,0.762383789,0.001174891,0.013388725,0.033032746,0.142748326,0.067755938,58,0.838832487,AAVE,1,0.001269036,153
35,35,736,832,2021/12/11,2.260869565,5.923539235,39.8,30.60428438,17.60384615,0.003076013,0.008059237,0.000711764,0.009689978,0.783869817,0.001075731,0.013220767,0.034431348,0.137115966,0.067332551,54,0.823369565,AAVE,12,0.016304348,36.66666667
36,36,545,625,2022/01/12,2.293577982,5.681339994,32.8,27.4825197,14.3008,0.004216136,0.01044364,0.012044023,0.080423801,0.76636032,0.004068009,0.016822404,0.039429961,0.143397738,0.067189513,40,0.844036697,AAVE,3,0.005504587,108
37,37,563,628,2022/02/12,2.230905861,5.113651786,30.2,24.84529913,13.53710191,0.003969583,0.009099025,0.005235352,0.063140085,0.78417735,0.001847063,0.015595562,0.039188073,0.118608414,0.064263012,45,0.795737123,AAVE,3,0.005328597,58
38,38,674,707,2022/03/12,2.097922849,4.975652024,37.2,18.46197293,17.73182461,0.00311727,0.007393242,0.007779736,0.073058427,0.81595942,0.003294531,0.016428284,0.034865378,0.111443462,0.063228053,65,0.768545994,AAVE,8,0.011869436,42.25
39,39,573,685,2022/04/12,2.390924956,4.158240788,27.4,13.22623655,11.46,0.004179939,0.007269652,0.006707484,0.065118853,0.761430018,0.004577823,0.01548188,0.038834831,0.13362045,0.063605849,37,0.832460733,AAVE,16,0.027923211,22.125
40,40,1001,1196,2022/05/12,2.38961039,7.688826435,58.5,50.37250132,24.48097826,0.00238961,0.007688826,0.010466232,0.087900989,0.760908365,0.002786586,0.011838604,0.029320766,0.160247326,0.068412929,58,0.869130869,AAVE,23,0.022977023,25
41,41,799,1062,2022/06/12,2.658322904,6.945520378,57.8,21.14395107,21.74303202,0.003331232,0.00870366,0.026727507,0.139695252,0.703777295,0.010709696,0.015084021,0.032020619,0.169104942,0.065194071,40,0.887359199,AAVE,9,0.01126408,61.33333333
42,42,1272,1680,2021/07/12,2.641509434,9.641183639,80.4,70.20319714,30.43714286,0.002078292,0.00758551,0.03111556,0.157234492,0.721383574,0.004512446,0.011044901,0.025781704,0.176097682,0.069605538,59,0.883647799,AAVE,1,0.000786164,113.6
43,43,1168,1404,2021/08/12,2.404109589,7.676250126,66,46.77843758,27.45299145,0.002060077,0.006577764,0.014454293,0.10676548,0.758919621,0.003961486,0.010788447,0.027210434,0.150018196,0.068090518,75,0.846746575,AAVE,8,0.006849315,73.625
44,44,1060,1269,2021/09/12,2.394339623,7.616713274,57.8,50.67061388,24.14026793,0.002260944,0.007192364,0.015125313,0.11420832,0.754168475,0.002123861,0.011415657,0.028528,0.151322175,0.067327741,69,0.856603774,AAVE,1,0.000943396,200
45,45,939,1116,2021/10/12,2.376996805,6.582148042,50.1,35.3347484,21.07701613,0.002534112,0.007017215,0.010025309,0.09117051,0.754593498,0.002196193,0.01172708,0.030470101,0.142015918,0.068050338,66,0.828541001,AAVE,17,0.018104366,40.17647059
46,46,816,963,2021/11/12,2.360294118,7.02371736,48.4,40.66994522,20.505919,0.002896066,0.008618058,0.007250353,0.079360637,0.750321609,0.001401214,0.013751895,0.032212532,0.152246066,0.068281694,47,0.852941176,AAVE,14,0.017156863,41.28571429
47,47,755,835,2021/12/12,2.21192053,6.078192169,43,31.10198279,19.44011976,0.002933582,0.008061263,0.005258321,0.060659778,0.803702535,0.002008435,0.012837193,0.034077087,0.125959692,0.064961557,61,0.806622517,AAVE,7,0.009271523,52.57142857
48,48,567,622,2022/01/13,2.194003527,4.956107631,30,22.52899366,13.67363344,0.003876331,0.008756374,0.007953884,0.0828052,0.78510096,0.001559657,0.014996393,0.039261881,0.13272339,0.063465266,40,0.835978836,AAVE,13,0.02292769,26.76923077
49,49,558,597,2022/02/13,2.139784946,4.546803635,26.7,22.13117459,12.47788945,0.003841625,0.008163023,0.00822666,0.08640555,0.809156054,0.001864802,0.014615859,0.039765881,0.109218156,0.05887981,49,0.792114695,AAVE,1,0.001792115,86
50,50,511,548,2022/03/13,2.14481409,4.140967907,24.9,16.88161393,11.60939781,0.004205518,0.008119545,0.002102438,0.022130144,0.79179265,0.0030012,0.015514546,0.041468195,0.110482324,0.061908008,49,0.782778865,AAVE,4,0.007827789,40.25
51,51,577,678,2022/04/13,2.350086655,4.690653105,28.9,20.46378916,12.29741888,0.004080012,0.008143495,0.004115367,0.059637484,0.768719381,0.002068395,0.015669584,0.038602448,0.13490973,0.061437337,33,0.852686308,AAVE,3,0.005199307,53.33333333
52,52,1015,1149,2022/05/13,2.264039409,8.490814008,60.6,62.21503927,26.76631854,0.00223278,0.008373584,0.013163829,0.095855294,0.799098774,0.002447111,0.010928606,0.029438768,0.152121081,0.063619102,51,0.872906404,AAVE,3,0.002955665,135
53,53,885,1181,2022/06/13,2.668926554,6.338669255,50.3,23.90281248,18.84652837,0.003019148,0.00717044,0.042299802,0.178119713,0.714507002,0.016725798,0.014870369,0.030163616,0.162009648,0.067457787,50,0.870056497,AAVE,16,0.018079096,41.4375
54,54,1236,1586,2021/07/13,2.566343042,8.405105441,75,50.64253811,29.22446406,0.002078011,0.006805753,0.011974406,0.102993654,0.730234524,0.002472563,0.010822096,0.026315471,0.174682194,0.066918018,57,0.890776699,AAVE,10,0.008090615,75
55,55,1242,1541,2021/08/13,2.481481481,9.098975603,72.5,67.9513715,29.21641791,0.001999582,0.007331971,0.020474762,0.132158159,0.738828499,0.002963377,0.010923503,0.026198907,0.165505927,0.067837653,67,0.877616747,AAVE,15,0.012077295,60.66666667
56,56,1044,1267,2021/09/13,2.427203065,7.379031955,56.7,45.11725464,23.36022099,0.002327136,0.007074815,0.015472104,0.11385511,0.752888732,0.002483361,0.011632842,0.028693553,0.152346352,0.069790155,65,0.844827586,AAVE,18,0.017241379,45.11111111
57,57,791,951,2021/10/13,2.404551201,6.418381792,45,33.45976024,18.71451104,0.003043736,0.008124534,0.022097804,0.133296703,0.742750727,0.005792821,0.013318901,0.032987954,0.141601385,0.072629322,63,0.806573957,AAVE,14,0.017699115,38.64285714
58,58,750,850,2021/11/13,2.266666667,6.657626269,43.2,38.68620196,19.05882353,0.003026257,0.008888687,0.012051345,0.105819033,0.769598616,0.001358542,0.014121618,0.0336961,0.148109555,0.069137559,52,0.846666667,AAVE,10,0.013333333,43.2
59,59,841,961,2021/12/13,2.285374554,6.715964465,50.6,34.44222215,22.14079084,0.002720684,0.007995196,0.003580317,0.059654881,0.799105272,0.000297339,0.009979917,0.033026639,0.113030811,0.05651512,48,0.714625446,AAVE,4,0.004756243,82.5
60,60,570,616,2022/01/14,2.161403509,5.158157816,29.1,26.61432363,13.46347403,0.0037986,0.009065304,0.007268728,0.083647906,0.808972582,0.001810501,0.015134949,0.03908964,0.123373776,0.05969024,36,0.831578947,AAVE,12,0.021052632,102
61,61,558,627,2022/02/14,2.247311828,4.433808209,30.1,14.74562082,13.3937799,0.004034671,0.007960158,0.002858284,0.044892184,0.801403611,0.001917852,0.014194513,0.039918495,0.116160638,0.065157056,44,0.768817204,AAVE,8,0.014336918,33.375
62,62,600,649,2022/03/14,2.163333333,4.261485185,30.2,13.91881221,13.95993837,0.003611575,0.007114333,0.001881151,0.021667543,0.797119428,0.002421698,0.013293288,0.038632144,0.112537126,0.061395246,55,0.785,AAVE,7,0.011666667,36
63,63,677,795,2022/04/14,2.34859675,5.515675774,37.7,25.7252578,16.05213836,0.003474256,0.008159284,0.008240424,0.086172291,0.769611962,0.00343461,0.014483886,0.035625787,0.130420192,0.06103572,42,0.844903988,AAVE,4,0.005908419,60.75
64,64,804,887,2022/05/14,2.206467662,7.094604124,46.6,44.64477075,21.11972943,0.00274778,0.008835123,0.006286486,0.071366369,0.803331728,0.002115556,0.012966857,0.032817392,0.143099496,0.067688664,51,0.842039801,AAVE,3,0.003731343,97.66666667
65,65,834,955,2022/06/14,2.290167866,6.08856005,45,31.34396983,19.64921466,0.002749301,0.007309196,0.016782313,0.109796063,0.786634138,0.006837812,0.012979177,0.032121938,0.141319135,0.067724775,60,0.833333333,AAVE,6,0.007194245,58.5
66,66,1296,1720,2021/07/14,2.654320988,9.526680105,87.7,59.94080413,33.04046512,0.002049669,0.00735651,0.02215327,0.131473515,0.721558106,0.003944101,0.011100711,0.02547312,0.184579158,0.067458912,57,0.900462963,AAVE,9,0.006944444,92.22222222
67,67,1118,1280,2021/08/14,2.28980322,8.114451213,58.6,62.48590952,25.59171875,0.002049958,0.007264504,0.009242215,0.090796505,0.778934021,0.000858928,0.011106186,0.027781241,0.149579566,0.069145614,69,0.849731664,AAVE,1,0.000894454,235
68,68,1324,1687,2021/09/14,2.548338369,9.111300798,77.7,65.86864032,30.49045643,0.001926182,0.006886849,0.018029882,0.117248725,0.727381781,0.003911547,0.010689095,0.025328142,0.160896305,0.07202068,81,0.851963746,AAVE,17,0.012839879,61.35294118
69,69,817,982,2021/10/14,2.403916769,7.071649025,47.8,40.9737043,19.88421589,0.002945976,0.008666237,0.014716812,0.108669037,0.746044379,0.003856572,0.013738966,0.032194715,0.151223969,0.070614327,55,0.842105263,AAVE,15,0.018359853,40
70,70,879,994,2021/11/14,2.261660978,6.837506937,46.7,43.21535221,20.64854125,0.002575924,0.007787593,0.006583086,0.070660193,0.770220923,0.001515987,0.012531975,0.031332458,0.141148441,0.06830832,67,0.833902162,AAVE,1,0.001137656,169
71,71,1203,1279,2021/12/14,2.12635079,11.5250142,83.4,99.70757243,39.22212666,0.001769011,0.009588198,0.001952849,0.041864049,0.811248159,7.38E-05,0.010903771,0.026701229,0.110477567,0.038416174,47,0.646716542,AAVE,2,0.00166251,258
72,72,700,836,2022/01/15,2.388571429,5.9881032,38.8,31.22605749,16.24401914,0.003417127,0.008566671,0.00435775,0.056673051,0.759147999,0.00153363,0.013821738,0.035203713,0.153099579,0.066308077,42,0.861428571,AAVE,1,0.001428571,124
73,73,579,648,2022/02/15,2.238341969,4.941370586,29.7,23.06054832,13.26875,0.003872564,0.008549084,0.009051272,0.092681531,0.77840173,0.001908883,0.014940195,0.038813763,0.126851868,0.067048436,47,0.797927461,AAVE,13,0.022452504,26.53846154
74,74,986,1025,2022/03/15,2.079107505,14.6243601,69.8,134.6747522,33.57209756,0.002110769,0.014847066,0.0035302,0.055641856,0.719786794,0.000112742,0.016021241,0.027537024,0.167955495,0.078049093,46,0.855983773,AAVE,2,0.002028398,256
75,75,443,479,2022/04/15,2.162528217,3.705290936,21.7,12.32927861,10.03455115,0.004892598,0.008383011,0.001668581,0.022486405,0.784334535,0.001672241,0.018034062,0.044005457,0.109056044,0.064831804,46,0.744920993,AAVE,8,0.018058691,24.25
76,76,698,795,2022/05/15,2.277936963,5.864574021,36.8,32.69658494,16.15496855,0.003268202,0.008414023,0.015805667,0.111936113,0.776693169,0.006693337,0.013564441,0.035361875,0.130913547,0.071330018,61,0.785100287,AAVE,5,0.007163324,17.4
77,77,777,888,2022/06/15,2.285714286,5.188032848,38.5,21.25637159,16.84375,0.002945508,0.006685609,0.011611895,0.085493322,0.797974495,0.007250755,0.011901217,0.033865001,0.123734863,0.064766752,61,0.800514801,AAVE,15,0.019305019,32.4
78,78,1158,1461,2021/07/15,2.523316062,8.778798538,71,60.3158354,28.137577,0.002180913,0.007587553,0.009670184,0.09338435,0.734651943,0.001217793,0.011524057,0.027044141,0.180254545,0.06465087,50,0.909326425,AAVE,1,0.000863558,236
79,79,1060,1223,2021/08/15,2.30754717,7.817786772,58,55.55777773,25.13491415,0.002178987,0.007382235,0.012179453,0.099420227,0.759243486,0.002120079,0.01144775,0.028515125,0.140138203,0.071648508,85,0.811320755,AAVE,1,0.000943396,215
80,80,1357,1694,2021/09/15,2.496683861,8.808819791,73.2,66.73962674,29.3188902,0.001841212,0.00649618,0.024391953,0.14211738,0.742980991,0.004406644,0.010086525,0.025212102,0.149999551,0.071968957,93,0.830508475,AAVE,17,0.012527634,59.17647059
81,81,842,961,2021/10/15,2.282660333,6.990457811,46.8,44.19099959,20.50239334,0.002714222,0.008312078,0.012189679,0.104621016,0.764620404,0.001515291,0.013242219,0.031835448,0.130833343,0.070045548,66,0.796912114,AAVE,1,0.001187648,171
82,82,803,905,2021/11/15,2.254047323,6.310954568,44.5,33.59315406,19.74226519,0.002810533,0.007869021,0.002125565,0.037792394,0.786539483,0.001403755,0.012765561,0.032919904,0.143007221,0.067614851,54,0.835616438,AAVE,15,0.01867995,36.66666667
83,83,949,1042,2021/12/15,2.195995785,11.12707311,64.1,91.66903027,29.18949136,0.002316451,0.011737419,0.001409549,0.034206563,0.760265583,5.01E-05,0.01394806,0.02932744,0.121745319,0.047779649,42,0.576396207,AAVE,2,0.002107482,211
84,84,657,756,2022/01/16,2.301369863,6.058446126,38.4,31.45437613,16.68571429,0.003508186,0.009235436,0.011862689,0.092461455,0.77015971,0.006450127,0.014721216,0.036157236,0.144756778,0.067173538,44,0.838660578,AAVE,4,0.00608828,65.5
85,85,496,528,2022/02/16,2.129032258,4.521495671,24.5,21.78302091,11.50757576,0.004301075,0.009134335,0.004869154,0.056758776,0.796186295,0.002652051,0.016325367,0.041870586,0.113288023,0.064043778,44,0.776209677,AAVE,1,0.002016129,85
86,86,1338,1458,2022/03/16,2.179372197,17.80230819,101.9,188.8647076,46.75658436,0.001630047,0.013315115,0.009629114,0.087014744,0.706549269,0.000379245,0.013876575,0.023563527,0.174661649,0.071874279,53,0.890881913,AAVE,2,0.001494768,355.5
87,87,449,468,2022/04/16,2.084632517,3.392081103,19.9,11.35732754,9.546047009,0.004653198,0.00757161,0.007713132,0.072505343,0.809527723,0.006807131,0.015434771,0.044647273,0.102741461,0.059332347,44,0.76169265,AAVE,12,0.026726058,18.25
88,88,784,951,2022/05/16,2.426020408,5.846668849,42.9,26.50974664,17.68328076,0.003098366,0.00746701,0.011765796,0.083667082,0.764829429,0.007327996,0.012007294,0.033656797,0.143289417,0.063959068,55,0.853316327,AAVE,9,0.011479592,45.22222222
89,89,751,884,2022/06/16,2.354194407,5.533387665,40.1,24.70470041,17.0334276,0.003138926,0.00737785,0.021525176,0.131979865,0.768048361,0.008520038,0.012930642,0.034145408,0.132104474,0.071568275,62,0.784287617,AAVE,5,0.00665779,56.2
90,90,1089,1340,2021/07/16,2.46097337,7.896887846,65.5,46.31594398,26.61548507,0.002261924,0.007258169,0.012843452,0.102994109,0.744294943,0.003762332,0.011179064,0.028178561,0.167662686,0.068673317,62,0.873278237,AAVE,14,0.012855831,56.21428571
91,91,1297,1606,2021/08/16,2.476484194,8.870272727,77,62.29142977,31.09246575,0.001910867,0.006844346,0.016298171,0.112293458,0.749091591,0.002867639,0.01036167,0.025771261,0.160739849,0.066570311,67,0.873554356,AAVE,12,0.00925212,70.75
92,92,1122,1404,2021/09/16,2.502673797,7.957653982,62.8,53.16598746,25.09316239,0.002232537,0.00709871,0.010743369,0.08856736,0.74491177,0.00319132,0.011377407,0.027613399,0.166187253,0.067342633,58,0.88057041,AAVE,1,0.000891266,212
93,93,923,1079,2021/10/16,2.338028169,7.213248176,51.9,44.54573181,22.19819277,0.002535822,0.00782348,0.013627112,0.106052983,0.751764884,0.004600865,0.012491942,0.030469342,0.146114321,0.072606081,72,0.820151679,AAVE,1,0.001083424,175
94,94,885,1080,2021/11/16,2.440677966,7.136844017,53,39.40389152,21.71527778,0.002760948,0.008073353,0.006636006,0.068401006,0.744815672,0.001371058,0.012880848,0.031066345,0.174604964,0.060306022,38,0.915254237,AAVE,14,0.015819209,45.5
95,95,613,679,2021/12/16,2.215334421,5.965529503,34.5,32.10140184,15.57326951,0.003619827,0.009747597,0.012361907,0.096288295,0.78892875,0.003585147,0.014986555,0.037536957,0.129825566,0.066170724,40,0.781402936,AAVE,1,0.001631321,122
96,96,593,688,2022/01/17,2.320404722,6.145631703,32.7,35.01444147,14.09236919,0.003919603,0.010381135,0.001319507,0.027503214,0.743060016,0.000744725,0.016432747,0.037665606,0.145768305,0.068804983,42,0.84148398,AAVE,1,0.001686341,131
97,97,544,592,2022/02/17,2.176470588,4.580175639,26.6,22.01110831,12.22162162,0.004008233,0.008434946,0.00692402,0.076840723,0.800408887,0.00093882,0.014999372,0.040202303,0.120132246,0.064627145,42,0.795955882,AAVE,3,0.005514706,50.66666667
98,98,799,911,2022/03/17,2.280350438,5.589912314,41.9,26.37528304,18.37436883,0.002857582,0.007004903,0.012464434,0.093239891,0.79217781,0.004622157,0.011491876,0.033479906,0.128895181,0.064063613,62,0.817271589,AAVE,5,0.006257822,61.4
99,99,509,539,2022/04/17,2.117878193,4.092658904,26.4,12.74711296,12.46530612,0.004169052,0.008056415,0.005685117,0.066206445,0.80885547,0.003088962,0.01413552,0.042051132,0.10052005,0.060965092,49,0.715127701,AAVE,9,0.017681729,27.88888889
100,100,580,660,2022/05/17,2.275862069,4.543374167,28.8,17.84376642,12.65454545,0.003930677,0.007846933,0.002709125,0.023231295,0.80370753,0.007920211,0.014282113,0.039022874,0.118527636,0.065210976,38,0.75862069,AAVE,14,0.024137931,25.14285714
101,101,727,759,2022/06/17,2.088033012,4.765053844,34.4,21.76745787,16.47483531,0.002876079,0.006563435,0.014922982,0.113435133,0.817635888,0.005293339,0.011722447,0.035210871,0.105857581,0.065333612,76,0.738651994,AAVE,9,0.012379642,36.33333333
102,102,1064,1280,2021/07/17,2.406015038,7.774733028,61,49.63869458,25.353125,0.00226342,0.007313954,0.015444318,0.113057873,0.754751587,0.00309488,0.010998531,0.02862957,0.161758889,0.069745193,57,0.859962406,AAVE,9,0.008458647,64.11111111
103,103,1293,1618,2021/08/17,2.502706883,8.748163917,71.8,64.16610389,28.68893696,0.00193708,0.006771025,0.015303242,0.108783976,0.748134018,0.003181029,0.010506019,0.025759114,0.166306907,0.06791304,62,0.877803558,AAVE,15,0.011600928,60.2
104,104,1011,1232,2021/09/17,2.4371909,7.860211975,57.2,53.29957265,23.46964286,0.00241306,0.007782388,0.019227664,0.124815844,0.751477773,0.00300273,0.012123698,0.029033936,0.159542371,0.069316267,55,0.864490603,AAVE,16,0.015825915,208
105,105,843,986,2021/10/17,2.339264531,6.566033154,47.7,36.64560001,20.39102434,0.002778224,0.007798139,0.02436356,0.148084777,0.762315932,0.004005958,0.012530474,0.03210061,0.14135155,0.071449433,56,0.810201661,AAVE,1,0.00118624,53.375
106,106,825,995,2021/11/17,2.412121212,6.750573401,45.1,39.68052979,18.69723618,0.002927332,0.008192443,0.014793577,0.100149993,0.754137522,0.005500768,0.012983398,0.032323661,0.143554464,0.06990368,64,0.829090909,AAVE,19,0.023030303,33.36842105
107,107,705,814,2021/12/17,2.309219858,5.706180619,37.2,28.51432389,16.10933661,0.003280142,0.00810537,0.016287959,0.112458784,0.772119059,0.005987068,0.013448074,0.03520436,0.13520995,0.068921948,50,0.804255319,AAVE,5,0.007092199,53
108,108,678,850,2022/01/18,2.507374631,6.119135196,38.8,30.30878127,15.47435294,0.003703655,0.009038604,0.011796162,0.08813392,0.726058131,0.005160181,0.014790085,0.035468791,0.151335662,0.071775736,51,0.833333333,AAVE,18,0.026548673,29.55555556
109,109,495,559,2022/02/18,2.258585859,4.776566663,27,21.39574205,11.95438283,0.004572036,0.009669163,0.001859522,0.022628913,0.766425799,0.001893043,0.017333492,0.041511846,0.135349585,0.065144247,34,0.836363636,AAVE,5,0.01010101,39.2
110,110,945,1107,2022/03/18,2.342857143,8.892419303,55.7,68.10294495,23.77439024,0.00248184,0.009419936,0.011700516,0.095742778,0.767560706,0.002009998,0.012596875,0.030007877,0.148009528,0.064784963,52,0.853968254,AAVE,2,0.002116402,163
111,111,497,542,2022/04/18,2.181086519,3.395235696,21.2,9.519570485,9.719926199,0.004397352,0.006845233,0,0,0.799738906,0,0.016280756,0.041839355,0.110476775,0.061506225,45,0.774647887,AAVE,15,0.030181087,17.93333333
112,112,760,894,2022/05/18,2.352631579,5.177672591,36.7,23.09425133,15.59955257,0.003099646,0.006821703,0.015486946,0.10344887,0.786095721,0.00869718,0.012035068,0.034241632,0.135825736,0.06201993,46,0.847368421,AAVE,18,0.023684211,28.11111111
113,113,814,1019,2022/06/18,2.503685504,7.191416311,51.7,39.23164822,20.64955839,0.003079564,0.008845531,0.017514765,0.116219919,0.733622989,0.005453336,0.01383507,0.032223713,0.157515469,0.074853085,58,0.834152334,AAVE,1,0.001228501,160
114,114,1055,1295,2021/07/18,2.454976303,7.75035112,65.4,43.3646041,26.63976834,0.0023292,0.007353274,0.013259834,0.099355655,0.745137371,0.002862339,0.011529734,0.028560562,0.164777444,0.067297196,59,0.874881517,AAVE,9,0.008530806,69
115,115,1615,2081,2021/08/18,2.577089783,12.59870945,113.9,113.8336506,44.1971408,0.00159671,0.007805892,0.020970447,0.131871841,0.720510114,0.001621313,0.010723063,0.022461598,0.183894247,0.066374473,61,0.907120743,AAVE,3,0.001857585,240
116,116,986,1160,2021/09/18,2.352941176,6.969780781,52.7,42.57033396,22.3975,0.002388773,0.00707592,0.027376555,0.15155529,0.762405618,0.005178095,0.011631114,0.029661562,0.124682269,0.069610139,85,0.777890467,AAVE,13,0.013184584,46.84615385
117,117,843,985,2021/10/18,2.336892052,6.274057988,43.8,34.26627756,18.74284264,0.002775406,0.007451375,0.010720634,0.087736721,0.768756732,0.002347943,0.012310077,0.032185874,0.148922996,0.067756774,54,0.845788849,AAVE,17,0.020166074,35.94117647
118,118,776,891,2021/11/18,2.296391753,6.199045701,41.6,34.75373681,18.11537598,0.002963086,0.007998769,0.005985426,0.066383088,0.774614205,0.002244249,0.013138972,0.033428539,0.137523374,0.069743397,56,0.815721649,AAVE,16,0.020618557,34.4
119,119,966,1204,2021/12/18,2.492753623,7.503605301,58.9,40.58858624,23.62848837,0.002583164,0.007775757,0.018570799,0.116002649,0.761393362,0.007871841,0.011852776,0.029927171,0.137473094,0.064819154,47,0.771221532,AAVE,5,0.005175983,108
120,120,593,674,2022/01/19,2.273187184,5.093342183,31.8,22.9046332,13.98916914,0.003839843,0.008603619,0.001975102,0.019065861,0.769911904,0.003162704,0.015026039,0.038249522,0.133929503,0.066373096,48,0.822934233,AAVE,2,0.003372681,70
121,121,518,532,2022/02/19,2.054054054,5.343968651,26.9,29.35775499,13.09605263,0.003973025,0.010336496,0.002584163,0.046287297,0.80550766,0.000377691,0.016449227,0.040781559,0.117253575,0.0648886,49,0.78957529,AAVE,1,0.001930502,33.25
122,122,762,851,2022/03/19,2.233595801,5.083329269,38.3,21.65409892,17.14723854,0.00293508,0.006679802,0.007864507,0.071990684,0.798046399,0.005789909,0.010860802,0.034582487,0.114867739,0.06014817,60,0.792650919,AAVE,7,0.009186352,46.28571429
123,123,487,516,2022/04/19,2.119096509,3.369279148,21.4,9.879271228,10.09864341,0.004360281,0.006932673,0.012000022,0.095459895,0.796926642,0.005395683,0.01513747,0.042755101,0.103806582,0.061459507,51,0.751540041,AAVE,11,0.022587269,20.36363636
124,124,799,912,2022/05/19,2.282853567,7.106077308,45.9,45.73947966,20.10641447,0.002860719,0.008904859,0.011409134,0.091540329,0.781503083,0.002955249,0.012494243,0.033118441,0.146066784,0.06516945,53,0.853566959,AAVE,3,0.003754693,96.33333333
125,125,937,1175,2022/06/19,2.508004269,8.365973894,67.9,45.31727657,27.07331915,0.002679492,0.008938006,0.017964177,0.115140818,0.735936985,0.004431315,0.012735091,0.03010017,0.180395029,0.059595721,37,0.918890075,AAVE,5,0.005336179,103
126,126,1123,1429,2021/07/19,2.544968833,8.202021352,67.3,51.21859471,26.4443317,0.002268243,0.007310179,0.022335291,0.134334851,0.734646611,0.003605137,0.011260538,0.027646932,0.169553398,0.068669602,57,0.877114871,AAVE,9,0.008014248,70.77777778
127,127,1259,1579,2021/08/19,2.508339952,8.513557057,77.4,52.5699534,30.85706143,0.001993911,0.006767533,0.017631412,0.119352078,0.73193907,0.003252372,0.010431542,0.026191773,0.161915685,0.06838568,71,0.868149325,AAVE,10,0.007942812,77.4
128,128,1010,1212,2021/09/19,2.4,7.143468189,56.9,41.40974121,23.70833333,0.002378593,0.00707975,0.01635019,0.114500995,0.770404454,0.003717066,0.01105489,0.029474541,0.151528333,0.061006115,56,0.88019802,AAVE,11,0.010891089,54.36363636
129,129,968,1133,2021/10/19,2.340909091,7.722266654,53.8,53.67142836,22.98252427,0.002420795,0.007985798,0.010827186,0.095461003,0.741696782,0.001680285,0.01248791,0.029631352,0.142306038,0.070619377,71,0.827479339,AAVE,1,0.001033058,202
130,130,768,879,2021/11/19,2.2890625,6.977877888,45.9,41.20261588,20.05187713,0.002984436,0.009097624,0.005985366,0.072713847,0.760464433,0.001363292,0.014282243,0.0331592,0.137895167,0.072880904,57,0.802083333,AAVE,5,0.006510417,159
131,131,859,940,2021/12/19,2.188591385,6.265814323,46.4,33.51682828,21.20085106,0.002550806,0.007302814,0.005815364,0.06308423,0.807611476,0.003509554,0.011333359,0.032201031,0.107073282,0.064317458,71,0.690337602,AAVE,10,0.011641444,46.3
132,132,630,741,2022/01/02,2.352380952,5.854322039,35.6,29.79261653,15.13360324,0.003739874,0.009307348,0.011146629,0.081878651,0.747754885,0.005602241,0.014869504,0.036991505,0.136080892,0.067791521,50,0.819047619,AAVE,11,0.017460317,34.09090909
133,133,498,538,2022/02/02,2.16064257,4.754146468,27.6,20.48956374,12.7739777,0.004347369,0.009565687,0.000203846,0.002784323,0.782301585,0.000480692,0.016927715,0.041532497,0.126592408,0.067348153,41,0.797188755,AAVE,8,0.016064257,31.375
134,134,603,700,2022/03/02,2.32172471,4.769014296,30.6,20.55993947,13.17985714,0.003856686,0.007921951,0.008589721,0.073958381,0.768090816,0.007342522,0.015657975,0.037623797,0.123342361,0.06423874,47,0.804311774,AAVE,8,0.013266998,34.125
135,135,762,947,2022/04/02,2.485564304,4.922839742,36.1,17.49571376,14.52386484,0.003266182,0.006468909,0.020727296,0.106773392,0.75605285,0.015808789,0.015591315,0.032720817,0.132999499,0.067201633,59,0.811023622,AAVE,14,0.018372703,31.71428571
136,136,444,496,2022/05/02,2.234234234,3.508660565,21.3,9.475699916,9.533467742,0.005043418,0.007920227,0.010599705,0.09360868,0.777483985,0.004492363,0.018889856,0.043585596,0.116199693,0.064765252,40,0.777027027,AAVE,13,0.029279279,18.84615385
137,137,471,529,2022/06/02,2.246284501,3.547678593,21.8,8.753412033,9.704914934,0.004779329,0.007548252,0.005472248,0.066963407,0.801857126,0.004147083,0.020304699,0.04140654,0.127246262,0.058882922,35,0.840764331,AAVE,16,0.033970276,17.875
138,138,821,954,2022/07/02,2.323995128,8.002272337,54.8,49.24045311,23.58008386,0.00283414,0.009758869,0.006826354,0.072718877,0.767582923,0.001199215,0.013618765,0.032152998,0.164724301,0.068290039,42,0.87088916,AAVE,4,0.004872107,96.25
139,139,1142,1335,2021/08/02,2.338003503,7.451833686,65.3,43.04532495,27.92981273,0.002049083,0.006530967,0.011809088,0.098154788,0.776643802,0.001613626,0.010610025,0.02763608,0.153608097,0.065771571,63,0.866900175,AAVE,10,0.008756567,65.3
140,140,1113,1257,2021/09/02,2.258760108,8.614729162,61.3,67.38949803,27.13878282,0.002031259,0.007747059,0.013543228,0.103542678,0.772551358,0.001890536,0.011562618,0.02766706,0.143346688,0.075326154,92,0.804132974,AAVE,1,0.000898473,252
141,141,1022,1198,2021/10/02,2.344422701,7.871816052,59.1,51.98172756,25.20876461,0.002296202,0.007709908,0.018003984,0.12609305,0.766123143,0.001985321,0.011592973,0.02906722,0.152909281,0.064671577,53,0.865949119,AAVE,1,0.000978474,206
142,142,977,1077,2021/11/02,2.204708291,7.918712168,57.2,53.3454153,25.94447539,0.002258922,0.008113435,0.006139055,0.073094887,0.780180942,0.001222877,0.012257551,0.029566682,0.149606816,0.072353227,71,0.83111566,AAVE,1,0.001023541,199
143,143,811,936,2021/12/02,2.308261406,6.568624886,41.5,41.64199269,17.97889957,0.002849705,0.008109413,0.010813677,0.099343424,0.771334991,0.002567394,0.013343687,0.032500679,0.145041758,0.069544986,50,0.832305795,AAVE,16,0.01972873,33.5625
144,144,611,698,2022/01/20,2.284779051,5.749760999,32.2,32.14481123,14.09326648,0.003745539,0.009425838,0.014797373,0.112777421,0.773691308,0.00273224,0.015118653,0.037555238,0.14660158,0.066508223,40,0.849427169,AAVE,1,0.001636661,23.63636364
145,145,545,596,2022/02/20,2.187155963,4.759454618,28.9,20.861714,13.21350671,0.004020507,0.008748997,0.000823461,0.010588509,0.799837282,0.00087349,0.014973133,0.040169994,0.125784644,0.058316339,36,0.842201835,AAVE,11,0.020183486,27.45454545
146,146,772,877,2022/03/20,2.272020725,6.307395413,48.4,28.47298915,21.30262258,0.002946849,0.008180798,0.011834322,0.097749793,0.806695626,0.003282276,0.010741469,0.034372781,0.126166091,0.062924273,53,0.812176166,AAVE,7,0.009067358,58.71428571
147,147,611,730,2022/04/20,2.389525368,3.875795627,26.6,10.23284472,11.13191781,0.003917255,0.006353763,0.030430633,0.161682933,0.763463126,0.009654926,0.016315705,0.037050042,0.112803271,0.062359579,55,0.780687398,AAVE,15,0.024549918,22.86666667
148,148,715,845,2022/05/20,2.363636364,4.829509916,34.3,20.68305802,14.51153846,0.003310415,0.006764019,0.027321807,0.14822119,0.789830888,0.013937282,0.012541146,0.035257051,0.129856749,0.062806347,48,0.829370629,AAVE,7,0.00979021,41.14285714
149,149,779,1046,2022/06/20,2.685494223,6.133890231,47.1,19.70025381,17.53867113,0.003451792,0.007884178,0.036775158,0.162572621,0.72506343,0.017563117,0.013863651,0.033059026,0.155110035,0.070739751,48,0.839537869,AAVE,15,0.019255456,39.13333333
150,150,1307,1688,2021/07/20,2.583014537,8.923605623,78.5,60.73485179,30.39084716,0.001977806,0.006832776,0.022759127,0.134473308,0.724443942,0.00400578,0.010628842,0.025546781,0.167184967,0.068921632,75,0.872991584,AAVE,2,0.001530222,178
151,151,1365,1698,2021/08/20,2.487912088,9.360922492,84.1,67.38850875,33.80344523,0.001823982,0.006862846,0.012826385,0.099268154,0.745949125,0.002889988,0.010239492,0.025064193,0.161880593,0.065601999,70,0.885714286,AAVE,3,0.002197802,74.46153846
152,152,1064,1338,2021/09/20,2.515037594,7.912370454,62.7,49.091864,24.93004484,0.002365981,0.007443434,0.01626552,0.099908546,0.722034259,0.00484433,0.012204115,0.028136333,0.159986236,0.0700224,68,0.858082707,AAVE,1,0.00093985,199
153,153,972,1119,2021/10/20,2.302469136,7.265246341,51.5,47.58676287,22.36729223,0.002371235,0.007482231,0.005344764,0.065606378,0.76470957,0.001883031,0.011723058,0.029871299,0.143441335,0.070128883,71,0.826131687,AAVE,16,0.016460905,42.5625
154,154,793,889,2021/11/20,2.242118537,6.160881115,39.7,36.38390975,17.70646794,0.002830958,0.00777889,0.001582224,0.035915773,0.775569674,0.000743909,0.012968677,0.033079107,0.132264102,0.070084571,71,0.80075662,AAVE,18,0.022698613,143
155,155,744,901,2021/12/20,2.422043011,5.430520214,36.8,25.52036224,15.19378468,0.003259816,0.00730891,0.012565158,0.104837562,0.746626328,0.004169733,0.013419622,0.034140392,0.123078473,0.068407821,56,0.767473118,AAVE,17,0.022849462,29.17647059
156,156,775,893,2022/01/21,2.304516129,6.206620433,40.8,36.65393718,17.7043673,0.002977411,0.008018889,0.012803238,0.097577879,0.770615425,0.005040762,0.013132675,0.033455936,0.14555068,0.068312164,58,0.838709677,AAVE,1,0.001290323,141
157,157,492,549,2022/02/21,2.231707317,4.667691389,26.1,20.65295244,11.69508197,0.004545229,0.0095065,0.014638875,0.112877744,0.784912791,0.002489627,0.016767362,0.041892038,0.125127207,0.062468176,36,0.819105691,AAVE,8,0.016260163,29
158,158,745,833,2022/03/21,2.236241611,5.721871531,40.9,28.14427118,18.28961585,0.003005701,0.007690688,0.005507382,0.050167905,0.804607077,0.0034078,0.01220683,0.034567023,0.138674388,0.062445571,48,0.852348993,AAVE,5,0.006711409,58
159,159,521,573,2022/04/21,2.199616123,3.530972824,23.2,9.307106007,10.54729494,0.004230031,0.006790332,0.006879551,0.067639257,0.786715459,0.007635531,0.017363269,0.040261819,0.106523399,0.059722827,49,0.779270633,AAVE,10,0.019193858,23.2
160,160,615,642,2022/05/21,2.087804878,5.690047677,35.6,28.70617433,17.05140187,0.003400334,0.009267179,0.002683425,0.043101303,0.831067245,0.001410039,0.012652702,0.038318571,0.100301659,0.047826637,39,0.682926829,AAVE,2,0.003252033,86.5
161,161,814,1136,2022/06/21,2.791154791,6.490839066,49.1,27.11477662,17.59128521,0.003433155,0.007983812,0.036230233,0.158713558,0.714623292,0.018475027,0.015674651,0.03136902,0.155759995,0.067877086,44,0.85995086,AAVE,14,0.017199017,42.42857143
162,162,1282,1651,2021/07/21,2.575663027,8.603920493,75.7,55.57587406,29.39049061,0.002010666,0.006716566,0.01191921,0.096444388,0.734711008,0.002819549,0.01042401,0.025920944,0.172626331,0.064905283,59,0.897815913,AAVE,8,0.00624025,84.375
163,163,1311,1617,2021/08/21,2.466819222,8.71921221,77,61.40756378,31.21428571,0.001883068,0.006655887,0.009578643,0.086442282,0.739863517,0.001667913,0.010342798,0.025618424,0.155179807,0.070479192,85,0.847444699,AAVE,12,0.009153318,70.5
164,164,1041,1246,2021/09/21,2.393852065,7.421805234,58,46.65714189,24.22873194,0.002301781,0.007136351,0.008092636,0.078286287,0.752856653,0.00286382,0.011572895,0.028765914,0.143589334,0.06642401,71,0.843419789,AAVE,13,0.012487992,51.07692308
165,165,1001,1172,2021/10/21,2.341658342,7.230985607,50.8,49.04147904,21.6940273,0.002341658,0.007230986,0.020508257,0.132502076,0.754469694,0.003464078,0.011575047,0.029425912,0.138657296,0.069104599,77,0.819180819,AAVE,1,0.000999001,189
166,166,836,957,2021/11/21,2.289473684,7.221387676,46.9,46.28522682,20.48505747,0.002741885,0.008648368,0.009481928,0.083546729,0.772878499,0.001565354,0.013182976,0.03199384,0.151156962,0.070483579,59,0.842105263,AAVE,1,0.001196172,176
167,167,737,853,2021/12/21,2.314789688,6.227019577,41.2,33.3559923,17.7985932,0.003145095,0.008460624,0.007309295,0.075996267,0.772438906,0.002728868,0.013053187,0.034468514,0.120106127,0.058304322,46,0.762550882,AAVE,3,0.004070556,79
168,168,888,1075,2022/01/22,2.421171171,6.358199349,48.7,32.84661322,20.11423256,0.002729618,0.007168207,0.00939133,0.086903551,0.750425095,0.002775493,0.012460082,0.031176386,0.147418383,0.066735607,59,0.847972973,AAVE,8,0.009009009,54.5
169,169,578,623,2022/02/22,2.155709343,4.989067104,29,25.52993885,13.45264848,0.003736065,0.008646563,0.004710717,0.060842711,0.791251105,0.002657891,0.014619727,0.038974292,0.12475317,0.062278047,43,0.825259516,AAVE,11,0.019031142,27.54545455
170,170,668,704,2022/03/22,2.107784431,4.007159919,29.7,12.41907136,14.090625,0.003160097,0.006007736,0.009103411,0.082539626,0.83278284,0.00391198,0.01222455,0.036736721,0.09202873,0.05859785,65,0.718562874,AAVE,12,0.017964072,27.25
171,171,555,574,2022/04/22,2.068468468,3.518747674,23.3,11.71940461,11.26437282,0.003733698,0.00635153,0.015861058,0.114897798,0.833393024,0.009648689,0.013802706,0.040177053,0.087514524,0.055733709,57,0.711711712,AAVE,9,0.016216216,24.55555556
172,172,504,582,2022/05/22,2.30952381,4.782696255,28.8,18.54603881,12.47010309,0.004591499,0.009508342,0.01343702,0.10968427,0.766361403,0.004604758,0.016594288,0.041378179,0.130658688,0.068058719,40,0.803571429,AAVE,6,0.011904762,37.66666667
173,173,656,855,2022/06/22,2.606707317,5.882634619,38.2,26.60743422,14.65450292,0.003979706,0.008981122,0.039814438,0.177634331,0.73468144,0.015345872,0.015277689,0.035957662,0.146800252,0.068255865,41,0.842987805,AAVE,9,0.013719512,40.22222222
174,174,1288,1609,2021/07/22,2.498447205,8.022888629,69.6,53.42117766,27.85730267,0.001941295,0.006233791,0.017134921,0.118010277,0.755343139,0.003422313,0.009745247,0.026114309,0.15710654,0.066527225,69,0.866459627,AAVE,16,0.01242236,55.375
175,175,1012,1196,2021/08/22,2.363636364,7.898727302,58.9,53.5421952,24.91923077,0.002337919,0.007812787,0.009594809,0.090732737,0.747398309,0.001537627,0.012031541,0.029055439,0.15233899,0.06913535,66,0.854743083,AAVE,1,0.000988142,206
176,176,1111,1310,2021/09/22,2.358235824,8.819992755,69,62.96736368,29.25916031,0.002124537,0.007945939,0.010896975,0.093768872,0.753211934,0.001134493,0.011758806,0.027613526,0.160906825,0.071808262,70,0.853285329,AAVE,3,0.00270027,141.6666667
177,177,957,1115,2021/10/22,2.330198537,6.750922551,50.8,40.26799115,21.80071749,0.002437446,0.007061634,0.008258953,0.083493441,0.766038328,0.001160442,0.011678563,0.030157812,0.138674293,0.067328875,72,0.831765935,AAVE,16,0.016718913,41
178,178,748,841,2021/11/22,2.248663102,5.994391473,39.2,32.92685496,17.43258026,0.003010259,0.00802462,0.004203803,0.063359292,0.764889061,0.000414794,0.013505628,0.034000617,0.137891135,0.070400499,58,0.812834225,AAVE,3,0.004010695,44.33333333
179,179,857,1097,2021/12/22,2.560093349,6.348628816,47.3,30.38292649,18.47588879,0.002990763,0.007416622,0.016271795,0.111720458,0.750564438,0.006646621,0.012187294,0.031929933,0.147280305,0.068011078,49,0.830805134,AAVE,14,0.016336056,40.85714286
180,180,642,731,2022/01/23,2.277258567,5.613201507,35.4,27.32601528,15.54500684,0.003552665,0.008756945,0.005644761,0.045134152,0.778411037,0.003263234,0.014752177,0.036634631,0.144002512,0.064136214,38,0.858255452,AAVE,8,0.012461059,39.625
181,181,512,549,2022/02/23,2.14453125,4.61201203,25.8,21.78072542,12.03060109,0.004196734,0.009025464,0.004462855,0.042209931,0.791812237,0.002968827,0.01576146,0.041328409,0.11551417,0.063436502,45,0.787109375,AAVE,2,0.00390625,10
182,182,626,673,2022/03/23,2.150159744,4.215378509,29.5,14.22243923,13.71991085,0.003440256,0.006744606,0.008027647,0.081558635,0.825384332,0.002370792,0.012724677,0.037918644,0.114870513,0.056265093,46,0.827476038,AAVE,12,0.019169329,27.08333333
183,183,426,465,2022/04/23,2.183098592,4.38385227,24,17.19819112,10.99354839,0.005136703,0.010314947,0.011218261,0.098413405,0.778658804,0.003884333,0.018149844,0.044974985,0.13410003,0.065728076,30,0.823943662,AAVE,5,0.011737089,35.2
184,184,721,898,2022/05/23,2.490984743,5.332316492,39.3,18.93879029,15.7768931,0.003459701,0.007405995,0.028946917,0.143905314,0.755827724,0.018401728,0.017884827,0.032689105,0.147673347,0.064882047,45,0.854368932,AAVE,11,0.015256588,37.27272727
185,185,673,853,2022/06/23,2.534918276,6.107839106,43.5,24.01966787,17.16031653,0.0037722,0.009089046,0.029142152,0.149815531,0.759868968,0.010401618,0.015252413,0.035427573,0.142286104,0.062355005,27,0.806835067,AAVE,7,0.010401189,52
186,186,1311,1700,2021/07/23,2.593440122,9.73026692,86,67.53599863,33.16058824,0.001979725,0.007427685,0.020191494,0.131238668,0.711717128,0.003012839,0.011029303,0.025330227,0.173844236,0.068699525,70,0.881006865,AAVE,3,0.00228833,160
187,187,1248,1512,2021/08/23,2.423076923,8.307667176,72.3,54.81899509,29.83809524,0.001943125,0.006662123,0.012877876,0.103101337,0.748708743,0.001394391,0.010557731,0.026274884,0.152507158,0.071410662,82,0.838942308,AAVE,16,0.012820513,57.6875
188,188,946,1105,2021/09/23,2.33615222,7.116052618,51.6,43.61243452,22.08760181,0.002472119,0.007530214,0.012922362,0.101813511,0.763925391,0.003070624,0.011681261,0.030357945,0.143143438,0.06625456,62,0.842494715,AAVE,13,0.013742072,46.76923077
189,189,836,926,2021/10/23,2.215311005,6.423687827,44,39.01851412,19.86177106,0.002653067,0.007693039,0.01179856,0.100244727,0.776391409,0.001798071,0.012430741,0.032293907,0.134075606,0.068593792,67,0.814593301,AAVE,1,0.001196172,154
190,190,950,1108,2021/11/23,2.332631579,6.778669236,51.1,40.46246546,21.90658845,0.002457989,0.00714296,0.006152468,0.06706398,0.760505317,0.002062299,0.011911678,0.030194423,0.139866181,0.069714292,81,0.821052632,AAVE,15,0.015789474,42.26666667
191,191,1022,1464,2021/12/23,2.864970646,8.313952609,65.8,47.89061611,22.9670765,0.002806044,0.008142951,0.031819563,0.152647392,0.703957829,0.010258569,0.012831792,0.028541474,0.169060978,0.070520726,53,0.86888454,AAVE,12,0.011741683,60.41666667
192,192,736,856,2022/01/24,2.326086957,5.694936184,40.2,27.36502228,17.28224299,0.003164744,0.007748212,0.015555303,0.113063998,0.767072315,0.003677597,0.013494158,0.034324979,0.134956411,0.064594758,51,0.83423913,AAVE,8,0.010869565,44.875
193,193,754,926,2022/02/24,2.456233422,5.830616598,41.2,28.07054605,16.77365011,0.00326193,0.007743183,0.012627298,0.09992751,0.743784666,0.004028838,0.013582471,0.033812612,0.145875008,0.065585594,45,0.848806366,AAVE,11,0.014588859,39.45454545
194,194,736,828,2022/03/24,2.25,6.178523259,38.6,37.06510788,17.15555556,0.003061224,0.008406154,0.01193281,0.091393666,0.794674321,0.002987254,0.013257902,0.034417047,0.125688159,0.059846217,48,0.832880435,AAVE,3,0.004076087,78.66666667
195,195,423,443,2022/04/24,2.094562648,3.055651858,18.2,6.425643072,8.689164786,0.004963419,0.007240881,0.006358588,0.071030577,0.817135374,0.004887984,0.016951033,0.045625101,0.098938391,0.057889891,41,0.75177305,AAVE,17,0.040189125,6
196,196,672,774,2022/05/24,2.303571429,4.731237385,34.9,15.65212091,15.1503876,0.003433042,0.007051024,0.023066913,0.128432244,0.778629089,0.01056462,0.017164277,0.034572554,0.122726826,0.067166665,61,0.78125,AAVE,9,0.013392857,37.11111111
197,197,738,967,2022/06/24,2.620596206,6.571779532,46.2,31.60450038,17.62957601,0.003555761,0.008916933,0.015817969,0.107881934,0.732566633,0.005834573,0.017481051,0.032416822,0.176157169,0.06536848,31,0.899728997,AAVE,4,0.005420054,77.5
198,198,1228,1554,2021/07/24,2.530944625,9.022466937,74.4,64.10962833,29.396139,0.00206271,0.007353274,0.017505224,0.121023881,0.741679007,0.002695109,0.01071893,0.026457642,0.172577381,0.068865649,53,0.877850163,AAVE,1,0.000814332,252
199,199,1090,1387,2021/08/24,2.544954128,8.720762368,67.6,59.48893455,26.56236482,0.002336964,0.008008046,0.019933578,0.12865021,0.725691078,0.002548619,0.012193309,0.027739148,0.169049489,0.066776587,51,0.890825688,AAVE,1,0.000917431,57.28571429
200,200,951,1180,2021/09/24,2.481598318,8.023611732,60.3,49.19586704,24.29885593,0.002612209,0.008445907,0.011464342,0.095260651,0.726137245,0.00204189,0.013125203,0.029667816,0.165522129,0.067866523,49,0.876971609,AAVE,3,0.003154574,114.3333333
201,201,837,965,2021/10/24,2.305854241,6.878447488,44.9,43.31653521,19.47217617,0.002758199,0.008227808,0.014054389,0.114617949,0.751316277,0.001996767,0.013070161,0.032017789,0.136406998,0.074009661,75,0.788530466,AAVE,1,0.001194743,167
202,202,1471,1531,2021/11/24,2.081577158,15.28193569,90.7,170.0131041,43.57273024,0.001416039,0.010395875,0.005325744,0.065982561,0.727878365,0.000225035,0.012181554,0.023060375,0.160318782,0.089698808,137,0.799456152,AAVE,2,0.001359619,313.5
203,203,1112,1404,2021/12/24,2.525179856,7.341686149,57.4,46.80740682,22.73105413,0.002272889,0.006608178,0.013501304,0.096768931,0.746303804,0.007106789,0.01080336,0.027987004,0.154066239,0.069929137,76,0.847122302,AAVE,17,0.01528777,184
204,204,564,637,2022/01/25,2.258865248,5.471094018,31.1,27.66244948,13.76797488,0.004012194,0.009717751,0.003821335,0.046474663,0.769345366,0.002602755,0.016020767,0.038975352,0.14665863,0.065848248,35,0.854609929,AAVE,1,0.00177305,106
205,205,663,769,2022/02/25,2.319758673,5.732218159,37.6,28.04837092,16.20858257,0.003504167,0.00865894,0.010701865,0.096697299,0.762767582,0.002522916,0.014918454,0.035884224,0.138564216,0.066416227,47,0.834087481,AAVE,8,0.012066365,42.375
206,206,656,753,2022/03/25,2.295731707,4.272873436,30.5,14.7441137,13.28552457,0.003504934,0.006523471,0.013813511,0.095958246,0.779969101,0.008196721,0.013828921,0.036540204,0.121499496,0.061526124,53,0.81554878,AAVE,12,0.018292683,28.41666667
207,207,532,594,2022/04/25,2.233082707,3.776001568,24.3,12.3472894,10.88181818,0.004205429,0.007111114,0.008498799,0.080207462,0.788072929,0.003984064,0.01780281,0.039568956,0.115370867,0.063385838,47,0.787593985,AAVE,10,0.018796992,24.3
208,208,553,631,2022/05/25,2.282097649,4.32426436,28.2,15.22278993,12.3570523,0.004134235,0.007833812,0.016428619,0.10922364,0.785915748,0.008056395,0.015597276,0.039596445,0.111266735,0.067710193,60,0.741410488,AAVE,8,0.014466546,31.875
209,209,533,701,2022/06/25,2.630393996,5.72755305,33.7,24.73885832,12.8117689,0.00494435,0.010766077,0.015421288,0.097415641,0.709503033,0.007295572,0.018941101,0.038990506,0.163435675,0.072152974,35,0.853658537,AAVE,3,0.005628518,60
210,210,997,1282,2021/07/25,2.571715145,8.186218851,65.4,46.85011562,25.43049922,0.002582043,0.008219095,0.018631984,0.122519905,0.722053952,0.003560831,0.012640257,0.029053047,0.182712625,0.061476594,38,0.91775326,AAVE,4,0.004012036,103.75
211,211,993,1188,2021/08/25,2.392749245,8.09935953,56.2,57.56503568,23.48762626,0.002412046,0.008164677,0.013477488,0.104998039,0.752600004,0.002106125,0.012353869,0.029245386,0.144405121,0.068574787,66,0.838872105,AAVE,16,0.01611279,44.75
212,212,960,1130,2021/09/25,2.354166667,7.033035657,51.5,44.21726661,21.87610619,0.002454814,0.007333718,0.008137031,0.081558784,0.75280993,0.002376426,0.011717872,0.030088223,0.149463458,0.066256804,62,0.857291667,AAVE,14,0.014583333,176
213,213,901,1048,2021/10/25,2.326304107,7.034681276,50.8,42.19741962,21.83721374,0.002584782,0.007816313,0.009351255,0.085162048,0.757412338,0.00228243,0.012588827,0.030861893,0.136642997,0.073073529,74,0.794672586,AAVE,1,0.001109878,170
214,214,1014,1208,2021/11/25,2.382642998,8.118418636,63.8,52.24472328,26.77698675,0.002352066,0.008014234,0.008684607,0.081271839,0.753461334,0.001112633,0.012316107,0.028902086,0.138775113,0.073351723,81,0.801775148,AAVE,4,0.003944773,108.5
215,215,680,878,2021/12/25,2.582352941,6.028331275,39.5,28.11187966,15.29612756,0.003803171,0.008878249,0.021238906,0.12203521,0.733684316,0.008525211,0.015060314,0.035293157,0.165091603,0.068625266,42,0.872058824,AAVE,11,0.016176471,37.90909091
216,216,605,702,2022/01/26,2.320661157,5.30022362,32.9,24.58748553,14.1769943,0.003842154,0.008775205,0.005942591,0.053047682,0.75970264,0.004144087,0.015860288,0.037465503,0.145048111,0.065411416,38,0.85785124,AAVE,9,0.014876033,34.66666667
217,217,578,650,2022/02/26,2.249134948,5.495251545,32.7,27.47544358,14.53892308,0.003897981,0.009523833,0.001174568,0.016122612,0.765416568,0.001260769,0.015999578,0.038427491,0.133417058,0.065607433,44,0.823529412,AAVE,2,0.003460208,75.5
218,218,925,951,2022/03/26,2.056216216,12.59101397,64.4,108.567644,31.31966351,0.002225342,0.013626638,0.005347444,0.061917373,0.760069372,0.000404057,0.015451004,0.029038925,0.116202488,0.058855916,55,0.796756757,AAVE,2,0.002162162,222.5
219,219,646,720,2022/04/26,2.229102167,3.761925303,26,11.75679473,11.66388889,0.003455972,0.005832442,0.007974115,0.080830255,0.791382137,0.006058381,0.015200423,0.036317716,0.099179439,0.059380723,61,0.749226006,AAVE,16,0.024767802,21.5
220,220,575,713,2022/05/26,2.48,4.313401852,28.5,11.47218859,11.49193548,0.004320557,0.007514637,0.019889822,0.118496023,0.750384071,0.014075696,0.01866434,0.037325538,0.135002456,0.063466135,42,0.834782609,AAVE,19,0.033043478,21.73684211
221,221,465,575,2022/06/26,2.47311828,4.605074501,26.5,16.64832324,10.71521739,0.005329996,0.00992473,0.010147379,0.082634385,0.740995085,0.006762615,0.018102923,0.0427405,0.14780767,0.064170321,31,0.858064516,AAVE,11,0.023655914,25.27272727
222,222,1373,1792,2021/07/26,2.610342316,9.578528175,84,69.44062212,32.1796875,0.001902582,0.006981435,0.020429978,0.12667394,0.722487158,0.004101785,0.010208135,0.024991619,0.177033862,0.069046053,65,0.885651857,AAVE,1,0.000728332,276
223,223,992,1238,2021/08/26,2.495967742,7.762882517,58.1,48.3584992,23.27754443,0.002518635,0.007833383,0.008773161,0.087376808,0.740077278,0.001229935,0.012063133,0.029383937,0.164100865,0.067289728,51,0.876008065,AAVE,15,0.015120968,48.4
224,224,972,1246,2021/09/26,2.563786008,8.010230667,63.9,44.75476387,24.92407705,0.002640356,0.008249465,0.027587034,0.14825817,0.727506834,0.005166631,0.013418756,0.029148202,0.179326066,0.062865166,40,0.908436214,AAVE,6,0.00617284,84.66666667
225,225,977,1104,2021/10/26,2.259979529,7.448591929,51.9,51.58046573,22.96480978,0.002315553,0.007631754,0.003881409,0.050314174,0.776303806,0.001686281,0.011959862,0.029688471,0.132531975,0.068319868,80,0.807574207,AAVE,14,0.01432958,44.71428571
226,226,941,1135,2021/11/26,2.412327311,7.18805281,51.9,44.66529849,21.51449339,0.002566306,0.007646865,0.007588269,0.075802319,0.754247511,0.002665739,0.012212307,0.030241209,0.162024702,0.066202079,50,0.880977683,AAVE,1,0.001062699,40.82352941
227,227,755,941,2021/12/26,2.492715232,6.462984785,42.1,35.75052447,16.8892136,0.003305988,0.008571598,0.01997821,0.11798316,0.754214941,0.006296642,0.013991097,0.033619184,0.155369545,0.070175975,48,0.851655629,AAVE,14,0.018543046,36.14285714
228,228,544,622,2022/01/27,2.286764706,4.758101496,28.4,21.31353248,12.4192926,0.004211353,0.008762618,0.018871039,0.129574922,0.776665616,0.003456221,0.016008431,0.039810536,0.136266127,0.062542481,34,0.845588235,AAVE,1,0.001838235,28.4
229,229,576,682,2022/02/27,2.368055556,5.081248087,30,24.0554914,12.6686217,0.004118357,0.008836953,0.012673624,0.094835678,0.754691222,0.005026328,0.015727988,0.03861775,0.130703568,0.068850296,47,0.800347222,AAVE,9,0.015625,31.55555556
230,230,634,671,2022/03/27,2.116719243,4.212252266,28.8,15.23738094,13.60596125,0.003343948,0.006654427,0.00762162,0.080599433,0.827042628,0.003299293,0.013373997,0.037425025,0.100495623,0.057797176,57,0.761829653,AAVE,2,0.003154574,217.8
231,231,724,1009,2022/04/27,2.787292818,5.695748711,43.5,18.73351127,15.60654113,0.003855177,0.007877937,0.026224655,0.140235949,0.697106124,0.00997709,0.017748607,0.032675329,0.1431189,0.070879092,51,0.820441989,AAVE,12,0.016574586,39.91666667
232,232,705,863,2022/05/27,2.44822695,4.96040577,35.6,18.14264467,14.54113557,0.003477595,0.007046031,0.022342295,0.13421095,0.742275793,0.009993943,0.0142631,0.034881651,0.137667458,0.064645352,52,0.841134752,AAVE,11,0.015602837,34.09090909
233,233,526,608,2022/06/27,2.311787072,4.613616889,27.8,18.79598066,12.02532895,0.004403404,0.008787842,0.011493164,0.090814958,0.769025385,0.007987471,0.016632359,0.04034352,0.140588113,0.064383304,33,0.846007605,AAVE,9,0.017110266,29.66666667
234,234,1258,1591,2021/07/27,2.529411765,9.32278975,80.7,64.52398348,31.90465116,0.002012261,0.007416698,0.025966812,0.145018717,0.727497066,0.004101018,0.011124951,0.025916828,0.17547183,0.069475013,61,0.883942766,AAVE,8,0.0063593,91.25
235,235,935,1155,2021/08/27,2.470588235,8.865213709,62.4,59.89472245,25.25714286,0.002645169,0.009491664,0.00745106,0.067401488,0.727759225,0.001171997,0.013803736,0.029663389,0.170228365,0.06814252,42,0.88342246,AAVE,3,0.003208556,127.3333333
236,236,1001,1234,2021/09/27,2.465534466,7.542218569,58.7,45.36775654,23.80822528,0.002465534,0.007542219,0.014676799,0.106252859,0.742946342,0.004165152,0.012089735,0.02921801,0.150765853,0.069248525,62,0.848151848,AAVE,15,0.014985015,48.6
237,237,4338,7628,2021/10/27,3.516828031,35.65631319,504.8,563.0651827,143.5384373,0.00081089,0.008221423,0.019224818,0.116129307,0.585924303,0.000357689,0.007810207,0.013021549,0.25677282,0.068652241,79,0.961502997,AAVE,3,0.000691563,1152.666667
238,238,710,830,2021/11/27,2.338028169,6.038764438,38.8,32.15863458,16.59518072,0.003297642,0.008517298,0.00194091,0.01976923,0.750358543,0.003846976,0.014152152,0.034783205,0.146095607,0.067542764,48,0.846478873,AAVE,1,0.001408451,129
239,239,878,1078,2021/12/27,2.455580866,6.678115491,47.1,39.20444986,19.18079777,0.002799978,0.007614727,0.012191132,0.094792885,0.763019713,0.00340893,0.012488919,0.031370367,0.156092613,0.066928455,49,0.864464692,AAVE,1,0.001138952,156
240,240,626,711,2022/01/28,2.271565495,4.833852934,31.8,20.10417314,13.99915612,0.003634505,0.007734165,0.006153773,0.066611126,0.769965046,0.002924689,0.014506443,0.037272328,0.131653154,0.066946856,52,0.813099042,AAVE,16,0.025559105,25.875
241,241,525,610,2022/02/28,2.323809524,5.031001672,29.4,21.90991658,12.65163934,0.004434751,0.009601148,0.020589112,0.127633717,0.759564633,0.0060492,0.017000898,0.040234498,0.147814271,0.068829373,35,0.84,AAVE,14,0.026666667,25.21428571
242,242,628,721,2022/03/28,2.296178344,4.217929155,27.3,16.58680868,11.88932039,0.003662166,0.00672716,0.007671602,0.06845081,0.781705368,0.004607587,0.013335403,0.037640135,0.118192729,0.062705236,53,0.796178344,AAVE,15,0.02388535,23.26666667
243,243,528,630,2022/04/28,2.386363636,4.02816974,25.5,13.63207003,10.68571429,0.004528204,0.007643586,0.014479378,0.109277658,0.757136558,0.004661099,0.017286953,0.039976586,0.129823716,0.064616791,40,0.820075758,AAVE,12,0.022727273,23.5
244,244,531,573,2022/05/28,2.15819209,4.043796055,26.7,12.57024706,12.37146597,0.004072061,0.007629804,0.006429678,0.066737897,0.804916715,0.004802882,0.01500908,0.040756532,0.103853534,0.063988984,52,0.730696798,AAVE,12,0.02259887,24.58333333
245,245,606,720,2022/06/28,2.376237624,4.933645296,31.2,21.43102631,13.13,0.003927665,0.008154786,0.00494184,0.032014285,0.768199267,0.008618626,0.014892497,0.037825117,0.13681935,0.061944592,41,0.851485149,AAVE,8,0.01320132,26.78571429
246,246,1174,1422,2021/07/28,2.422487223,8.478469112,71.9,56.82028198,29.6802391,0.002065206,0.007228021,0.019020947,0.127044595,0.743623163,0.003123373,0.011110427,0.026999409,0.150892692,0.071299669,78,0.838160136,AAVE,1,0.000851789,229
247,247,940,1115,2021/08/28,2.372340426,8.00849395,54.8,54.52991024,23.09955157,0.002526454,0.008528748,0.008904364,0.083956747,0.75107201,0.00132756,0.012850483,0.029994199,0.155419007,0.073536933,60,0.838297872,AAVE,16,0.017021277,43.9375
248,248,896,1118,2021/09/28,2.495535714,7.231370373,55,39.35027884,22.03935599,0.002788308,0.008079743,0.008006399,0.071165727,0.731674886,0.002034061,0.013003389,0.030790281,0.158728394,0.066635964,52,0.871651786,AAVE,11,0.012276786,52.72727273
249,249,1285,1597,2021/10/28,2.485603113,8.048479649,72,48.42634728,28.96681277,0.001935828,0.006268286,0.007260809,0.072869315,0.757468116,0.001910871,0.009841805,0.026112825,0.152218068,0.068128874,72,0.848249027,AAVE,15,0.011673152,60.6
250,250,762,878,2021/11/28,2.304461942,6.387751587,40.9,36.7648685,17.74817768,0.003028202,0.008393892,0.006065817,0.066554658,0.754042113,0.002339392,0.01357539,0.033608437,0.135944101,0.067888667,58,0.82152231,AAVE,16,0.020997375,33.375
251,251,831,1055,2021/12/28,2.539109507,6.653423699,47.8,35.68628744,18.82549763,0.003059168,0.008016173,0.024255019,0.133553849,0.726155298,0.014553638,0.014405128,0.031576282,0.142617735,0.074364085,71,0.803850782,AAVE,8,0.009626955,106
252,252,500,531,2022/01/29,2.124,5.449037348,27.4,28.7873429,12.90018832,0.004256513,0.010919915,0.002672365,0.047111952,0.782255347,0.000374766,0.01744254,0.041220821,0.129796146,0.070385726,45,0.796,AAVE,3,0.006,5.5
253,253,1572,2393,2022/03/29,3.044529262,12.89750229,123.7,105.3597541,40.63025491,0.001937956,0.00820974,0.017963547,0.103097496,0.647643068,0.002434508,0.010984002,0.022711498,0.18587611,0.071738548,77,0.894402036,AAVE,1,0.000636132,404
254,254,495,568,2022/04/29,2.294949495,3.675869826,24.1,9.085397319,10.50132042,0.004645647,0.007441032,0.009890813,0.077707806,0.773352261,0.011048367,0.020221107,0.04018172,0.124241049,0.061484123,39,0.82020202,AAVE,10,0.02020202,24.1
255,255,448,480,2022/05/29,2.142857143,3.881596901,25.2,8.573862088,11.76,0.004793864,0.008683662,0.006974566,0.071295673,0.789828559,0.005362615,0.022964336,0.041335166,0.107339518,0.064942133,45,0.738839286,AAVE,8,0.017857143,28.25
256,256,513,601,2022/06/29,2.343079922,5.006171569,27.4,23.33428569,11.69400998,0.004576328,0.009777679,0.00684726,0.067016102,0.761047173,0.004153399,0.017461555,0.04059093,0.135166347,0.067914554,35,0.824561404,AAVE,15,0.029239766,22.8
257,257,1107,1406,2021/07/29,2.540198735,8.357677825,69.4,51.09511827,27.32069701,0.002296744,0.007556671,0.022548883,0.136727171,0.729935614,0.003088992,0.011981465,0.02757669,0.164379552,0.066466061,57,0.88166215,AAVE,3,0.002710027,127.6666667
258,258,888,1014,2021/08/29,2.283783784,6.619169191,46.2,40.20447736,20.2295858,0.002574728,0.007462423,0.01339314,0.101696337,0.767777253,0.003038634,0.01217452,0.03128913,0.139145422,0.071319855,74,0.810810811,AAVE,1,0.001126126,39.92857143
259,259,862,1019,2021/09/29,2.364269142,6.509496278,47.6,35.50962311,20.13307164,0.002745957,0.007560391,0.007396568,0.072884529,0.757070999,0.002750751,0.012462653,0.03171659,0.138454616,0.066600543,63,0.828306265,AAVE,16,0.018561485,37.9375
260,260,1074,1277,2021/10/29,2.378026071,7.940278095,59.3,54.01861819,24.93664839,0.002216241,0.007400073,0.007290941,0.070784125,0.762274112,0.001349262,0.011369737,0.028329755,0.155337863,0.066876227,59,0.864990689,AAVE,16,0.014897579,48.125
261,261,770,907,2021/11/29,2.355844156,7.487701117,45.5,47.72665223,19.31367144,0.003063516,0.009736933,0.0082702,0.083074033,0.740092676,0.001843804,0.014651825,0.03294594,0.154420522,0.07345136,58,0.838961039,AAVE,2,0.002597403,114
262,262,793,942,2021/12/29,2.375788146,6.565906656,47,34.89667288,19.7829087,0.002999733,0.008290286,0.012922058,0.096004913,0.768241105,0.003920714,0.013226727,0.032976644,0.128606526,0.06570264,44,0.769230769,AAVE,6,0.007566204,60.66666667
263,263,748,922,2022/01/03,2.465240642,6.046461815,40.6,31.66210493,16.46898048,0.003300188,0.008094326,0.003401075,0.042931808,0.750747573,0.00159936,0.013291164,0.034085137,0.151023397,0.064043088,40,0.863636364,AAVE,12,0.016042781,37.16666667
264,264,507,541,2022/02/03,2.134122288,4.309397692,24.7,18.8800306,11.57384473,0.004217633,0.008516596,0.004144004,0.050718122,0.805173551,0.004518072,0.015657018,0.041601177,0.103493112,0.058010205,42,0.779092702,AAVE,6,0.01183432,31.66666667
265,265,591,688,2022/03/03,2.328257191,4.411141154,29.2,17.15161152,12.54156977,0.003946199,0.00747651,0.02087678,0.123468403,0.765274304,0.007664563,0.016209427,0.037838134,0.112786005,0.065430158,48,0.758037225,AAVE,9,0.015228426,30.66666667
266,266,702,849,2022/04/03,2.418803419,5.003119112,34.8,19.70222774,14.38727915,0.003450504,0.007137117,0.010858465,0.081874958,0.775159857,0.007817198,0.014620627,0.03482048,0.136925237,0.066710439,55,0.823361823,AAVE,17,0.024216524,27.47058824
267,267,435,449,2022/05/03,2.064367816,2.79160926,17.2,7.067924416,8.331848552,0.004756608,0.006432279,0.029458098,0.159926361,0.828616922,0.019372694,0.017013254,0.044877942,0.086561,0.054994244,47,0.71954023,AAVE,9,0.020689655,17.88888889
268,268,491,560,2022/06/03,2.281059063,4.821976445,26.8,21.01745306,11.74892857,0.004655223,0.009840768,0.005904313,0.066114637,0.784048151,0.005144995,0.015705405,0.042351543,0.139786836,0.062954514,34,0.849287169,AAVE,6,0.012219959,35.33333333
269,269,688,764,2022/07/03,2.220930233,6.318616772,41.8,32.86267724,18.82094241,0.003232795,0.009197404,0.00750007,0.077978637,0.789480312,0.001843381,0.014227109,0.035396311,0.13051247,0.067807441,51,0.799418605,AAVE,5,0.007267442,62.8
270,270,1007,1240,2021/08/03,2.462760675,8.759337734,71.4,51.27312486,28.99185484,0.002448072,0.008707095,0.008526601,0.085315308,0.737163762,0.001039527,0.01296452,0.028736561,0.173862483,0.068065936,43,0.884806356,AAVE,6,0.005958292,96.33333333
271,271,1019,1141,2021/09/03,2.239450442,7.460279501,53.6,52.14978428,23.93444347,0.002199853,0.007328369,0.011770217,0.090875908,0.779080807,0.003328514,0.011663408,0.02908865,0.128542613,0.069756203,88,0.795878312,AAVE,13,0.012757605,47.23076923
272,272,895,1028,2021/10/03,2.297206704,6.703612087,46.2,42.89988345,20.11138132,0.002569582,0.007498448,0.017715683,0.123506138,0.774149684,0.002941176,0.012252615,0.031117097,0.147763455,0.069090214,55,0.841340782,AAVE,1,0.001117318,163
273,273,1062,1233,2021/11/03,2.322033898,7.759695793,58.3,52.48925816,25.10729927,0.002188533,0.007313568,0.009434703,0.084972426,0.765665936,0.002681045,0.011483203,0.028469612,0.149915608,0.068983702,74,0.846516008,AAVE,1,0.00094162,207
274,274,777,939,2021/12/03,2.416988417,6.598275289,45,35.22625284,18.61821086,0.003114676,0.008502932,0.002636079,0.044702662,0.745153512,0.000823136,0.013778665,0.033144585,0.158062468,0.066860518,42,0.868725869,AAVE,14,0.018018018,39.14285714
275,275,485,521,2022/01/30,2.148453608,4.893770568,25.6,23.82435728,11.91554702,0.004438954,0.010111096,0.003332376,0.048514678,0.783258609,0.001876759,0.016616173,0.042301868,0.135083033,0.068412288,38,0.81443299,AAVE,1,0.002061856,91
276,276,1226,1545,2022/03/30,2.520391517,6.453601444,59.2,32.03054098,23.48841424,0.002057462,0.005268246,0.022930104,0.131607995,0.747989862,0.008831449,0.010621212,0.026522147,0.129279361,0.069284849,108,0.792822186,AAVE,13,0.010603589,52.38461538
277,277,460,568,2022/04/30,2.469565217,4.319629894,27.2,10.53881714,11.01408451,0.005380316,0.009410958,0.033196839,0.157158988,0.738808954,0.019358623,0.018586681,0.042806914,0.142919867,0.070939353,38,0.817391304,AAVE,10,0.02173913,27
278,278,709,880,2022/05/30,2.482369535,5.536605155,42.2,18.14019478,16.99988636,0.003506172,0.007820064,0.01809525,0.118259973,0.749235537,0.007650543,0.018734236,0.032572413,0.139007034,0.065328015,47,0.830747532,AAVE,10,0.014104372,42.2
279,279,629,764,2022/06/30,2.429252782,5.095599099,33,20.46677524,13.58442408,0.003868237,0.008114011,0.017560504,0.113401008,0.769785984,0.010708491,0.015387043,0.036813294,0.142228075,0.059488551,30,0.871224165,AAVE,17,0.027027027,26.35294118
280,280,1179,1448,2021/07/30,2.456318914,8.685335905,71.5,59.9986111,29.10859807,0.00208516,0.007372951,0.012811849,0.106665619,0.738080578,0.001611794,0.010896657,0.027019595,0.168865419,0.067634668,60,0.882951654,AAVE,11,0.009329941,68.18181818
281,281,1011,1219,2021/08/30,2.411473788,8.302023307,60.1,57.92610235,24.92251846,0.002387598,0.008219825,0.014388312,0.10791271,0.745039405,0.002381865,0.012607595,0.0288269,0.148634255,0.072213768,61,0.830860534,AAVE,1,0.00098912,215
282,282,830,989,2021/09/30,2.38313253,6.954805323,48,40.74309757,20.14155713,0.002874708,0.008389391,0.01132553,0.099526397,0.744525473,0.001820983,0.013254404,0.032099556,0.149923441,0.068450689,53,0.85060241,AAVE,1,0.001204819,160
283,283,1049,1187,2021/10/30,2.263107722,7.237741826,56.7,44.77859111,25.05404381,0.002159454,0.006906242,0.00630622,0.07067948,0.782116569,0.001554834,0.010986584,0.028868292,0.136688027,0.068521107,82,0.820781697,AAVE,16,0.015252622,46.1875
284,284,789,931,2021/11/30,2.359949303,7.49380238,46.2,48.49925544,19.57669173,0.00299486,0.009509901,0.006877844,0.074151567,0.736513295,0.001026211,0.014334376,0.032608288,0.154948962,0.073368078,55,0.840304183,AAVE,1,0.001267427,183
285,285,954,1109,2021/12/30,2.324947589,6.760112804,51.6,38.38170861,22.19404869,0.002439609,0.007093508,0.006862075,0.074708701,0.795877406,0.001935983,0.011225288,0.030383855,0.12633284,0.065177228,42,0.762054507,AAVE,5,0.00524109,74
286,286,489,544,2022/01/31,2.224948875,4.28475558,23.8,18.15856088,10.696875,0.004559321,0.008780237,0.012428744,0.095744195,0.7898228,0.004080839,0.015972226,0.042350272,0.127466459,0.062180098,37,0.830265849,AAVE,15,0.030674847,19.8
287,287,834,1049,2022/03/31,2.51558753,5.60358072,42.6,25.80783688,16.93441373,0.003019913,0.006726988,0.014512597,0.078338333,0.757469323,0.011453504,0.014626934,0.031405034,0.142671213,0.064740806,54,0.851318945,AAVE,4,0.004796163,67
288,288,733,887,2022/05/31,2.420190996,5.201746918,40.4,16.50723747,16.69289741,0.003306272,0.007106212,0.018306706,0.119384946,0.769102494,0.008062349,0.015303133,0.033639477,0.133858564,0.061537592,45,0.843110505,AAVE,9,0.012278308,42.22222222
289,289,1154,1423,2021/07/31,2.466204506,8.311226171,73,49.87094456,29.60014055,0.002138946,0.007208349,0.014806444,0.112303777,0.752869854,0.002075926,0.011336783,0.027178458,0.169728525,0.060011197,47,0.911611785,AAVE,9,0.00779896,77.22222222
290,290,1073,1278,2021/08/31,2.382106244,8.452641138,61.8,62.37841507,25.94342723,0.002222114,0.007884926,0.010958506,0.0921519,0.756750816,0.001722373,0.011969159,0.028097,0.165961711,0.067490786,53,0.885368127,AAVE,1,0.000931966,236
291,291,964,1092,2021/10/31,2.265560166,7.125926847,51.5,44.95491569,22.73168498,0.002352607,0.007399716,0.007894883,0.07588123,0.784784279,0.002091159,0.011644271,0.030044829,0.14297897,0.067230613,68,0.839211618,AAVE,17,0.017634855,40.52941176
292,292,892,1061,2021/12/31,2.378923767,7.319540424,48.6,49.43952535,20.42940622,0.002669948,0.008214972,0.011706817,0.097788376,0.753738715,0.001539615,0.012631142,0.031025951,0.156135017,0.069552426,53,0.85426009,AAVE,1,0.001121076,188
293,293,721,841,2022/01/04,2.332871012,6.379231815,41.9,34.82799002,17.96070155,0.003240099,0.008860044,0.009996879,0.083157023,0.755619054,0.004375119,0.014288678,0.03441568,0.148974821,0.076057479,56,0.808599168,AAVE,1,0.001386963,13.61111111
294,294,609,685,2022/02/04,2.249589491,5.281245118,35.9,20.80304465,15.95846715,0.003699983,0.008686258,0.001153335,0.019137988,0.785754169,0.000321371,0.013962245,0.038071931,0.133227331,0.063630992,38,0.816091954,AAVE,10,0.016420361,35.9
295,295,646,766,2022/03/04,2.371517028,4.814196692,34.7,15.64217944,14.63198433,0.003676771,0.007463871,0.007307016,0.071301504,0.750255643,0.003871422,0.015506507,0.036187886,0.121960895,0.062141177,49,0.808049536,AAVE,12,0.018575851,32.08333333
296,296,590,701,2022/04/04,2.376271186,4.491166164,29.7,16.24157901,12.49857347,0.004034416,0.00762507,0.012490448,0.096060154,0.764327911,0.008254888,0.017006013,0.037524624,0.129058249,0.063615873,41,0.823728814,AAVE,10,0.016949153,29.7
297,297,532,595,2022/05/04,2.236842105,3.626684399,24.2,11.11355529,10.81882353,0.004212509,0.006829914,0.011346466,0.091589871,0.776966316,0.007806955,0.015662145,0.040465719,0.106592648,0.060802841,55,0.770676692,AAVE,9,0.016917293,25.55555556
298,298,416,446,2022/06/04,2.144230769,4.315661072,24,15.51343504,11.19282511,0.005166821,0.010399183,0.009289277,0.088475622,0.792610951,0.006171429,0.017411093,0.045888582,0.123759121,0.061621973,33,0.8125,AAVE,6,0.014423077,31.66666667
299,299,674,799,2022/07/04,2.370919881,5.428348629,34.2,26.61578479,14.42478098,0.003522912,0.008065897,0.025132045,0.142209616,0.777418112,0.009808373,0.013276476,0.036185044,0.129439167,0.063595736,49,0.823442136,AAVE,17,0.025222552,27
300,300,1060,1274,2021/08/04,2.403773585,7.824273078,62.6,48.71276356,26.04238619,0.002269852,0.00738836,0.014148976,0.109028253,0.747091633,0.002806935,0.011529438,0.028482163,0.161701942,0.067527509,63,0.870754717,AAVE,11,0.010377358,59.63636364
301,301,1165,1293,2021/09/04,2.219742489,8.509028252,64.1,65.81362574,28.87722351,0.001906995,0.007310162,0.006665843,0.071238846,0.790571397,0.001098021,0.012425907,0.026543751,0.143484886,0.067906911,84,0.839484979,AAVE,3,0.002575107,139
302,302,934,1111,2021/10/04,2.379014989,7.116382733,52.7,41.73740662,22.1520252,0.002549855,0.00762742,0.011450807,0.095761071,0.752965801,0.002027752,0.012048027,0.030438476,0.15278182,0.07027857,65,0.844753747,AAVE,16,0.017130621,43
303,303,1133,1311,2021/11/04,2.314210062,7.725190611,62.3,50.49323387,26.9206331,0.002044355,0.006824373,0.006128713,0.071278385,0.766778029,0.00143662,0.010877102,0.027658206,0.148686928,0.069502178,76,0.840247132,AAVE,3,0.002647838,116
304,304,884,1160,2021/12/04,2.624434389,7.97386105,57.8,46.12735992,22.0237931,0.002972179,0.00903042,0.007795549,0.061485752,0.708105678,0.003605288,0.014014444,0.030592087,0.174857669,0.070555284,47,0.878959276,AAVE,1,0.001131222,184
305,305,689,822,2022/01/05,2.386066763,6.067606785,37.7,32.96816646,15.80006083,0.00346812,0.008819196,0.004690268,0.049325949,0.750567573,0.004347511,0.013974841,0.035467003,0.153218539,0.065976416,40,0.865021771,AAVE,9,0.013062409,40.11111111
306,306,630,686,2022/02/05,2.177777778,5.558775255,31.3,32.05568072,14.37244898,0.003462286,0.008837481,0.01276392,0.103323065,0.804157919,0.002565077,0.014485244,0.037143899,0.119632634,0.065571807,49,0.777777778,AAVE,1,0.001587302,121
307,307,570,631,2022/03/05,2.214035088,4.283431052,28.2,15.55492062,12.73692552,0.003891099,0.007527998,0.002472189,0.025884298,0.786575029,0.002505847,0.014686037,0.039260801,0.105090571,0.0634745,52,0.724561404,AAVE,9,0.015789474,29.55555556
308,308,554,620,2022/04/05,2.238267148,4.06825774,25.4,15.53633733,11.34806452,0.004047499,0.007356705,0.007259849,0.058281314,0.789219563,0.006736527,0.0155618,0.039569063,0.122886568,0.063912955,45,0.80866426,AAVE,15,0.027075812,21.33333333
309,309,499,597,2022/05/05,2.392785571,3.871171908,24.5,11.05792828,10.23911223,0.00480479,0.007773438,0.016923924,0.113125526,0.75729008,0.010519395,0.019659112,0.040258855,0.130437915,0.065481257,40,0.815631263,AAVE,14,0.028056112,21.28571429
310,310,342,365,2022/06/05,2.134502924,3.659163913,18.5,12.0115685,8.667123288,0.006259539,0.010730686,0.006574314,0.076712547,0.800082567,0.004449388,0.017749509,0.05115254,0.137602748,0.058406019,22,0.862573099,AAVE,5,0.014619883,26.6
311,311,636,731,2022/07/05,2.298742138,4.619922451,31.1,18.10739567,13.52913817,0.003620066,0.007275468,0.006256015,0.061702955,0.78522104,0.009320388,0.013964267,0.037141558,0.124804457,0.066253296,51,0.795597484,AAVE,11,0.017295597,29.63636364
312,312,1239,1543,2021/08/05,2.490718321,8.30670376,67.7,57.23644915,27.1809138,0.002011889,0.006709777,0.014663005,0.107628553,0.750219775,0.003798987,0.01053305,0.026395448,0.161498351,0.067684624,61,0.869249395,AAVE,17,0.013720743,54.23529412
313,313,1023,1123,2021/09/05,2.195503421,7.708034497,52.4,57.41699323,23.86696349,0.002148242,0.007542108,0.009966352,0.088462223,0.789494968,0.001798107,0.011636822,0.029033179,0.135705622,0.071325744,84,0.808406647,AAVE,2,0.001955034,215
314,314,928,1108,2021/10/05,2.387931034,7.404504943,52.7,46.70248625,22.06931408,0.002575977,0.0079876,0.015123307,0.108789075,0.746563799,0.002561247,0.012508707,0.030366299,0.147731969,0.072993379,67,0.823275862,AAVE,5,0.005387931,183
315,315,1102,1262,2021/11/05,2.290381125,7.214444465,55.2,49.11618878,24.10079239,0.002080274,0.006552629,0.00939317,0.091434193,0.770181221,0.001089972,0.010741954,0.028156186,0.130542487,0.068186398,85,0.799455535,AAVE,1,0.000907441,44.9375
316,316,731,859,2021/12/05,2.350205198,6.788825172,43,38.63216852,18.29627474,0.003219459,0.009299761,0.006085666,0.074889615,0.75697233,0.00050064,0.014803475,0.033917841,0.146701809,0.073101814,52,0.820793434,AAVE,1,0.001367989,151
317,317,772,915,2022/01/06,2.370466321,6.651218804,44.1,37.97206576,18.60393443,0.003074535,0.008626743,0.013989134,0.098983113,0.754352175,0.005407472,0.014279499,0.033058256,0.164233452,0.067385324,47,0.878238342,AAVE,3,0.00388601,87
318,318,608,642,2022/02/06,2.111842105,4.874435672,30.2,23.2894826,14.30031153,0.003479147,0.008030372,0.009103386,0.091561924,0.813319455,0.001514196,0.013893287,0.038132729,0.120596826,0.063975648,50,0.789473684,AAVE,9,0.014802632,31.88888889
319,319,585,670,2022/03/06,2.290598291,4.180556406,28,13.33333333,12.2238806,0.003922257,0.007158487,0.003337692,0.035882004,0.790834262,0.005027652,0.016908465,0.037761661,0.130616915,0.059219372,35,0.847863248,AAVE,11,0.018803419,26.90909091
320,320,698,852,2022/04/06,2.441260745,4.904846619,36.8,16.61191005,15.0741784,0.003502526,0.007037083,0.017950735,0.111303361,0.750596498,0.008740895,0.01681107,0.033936745,0.13328119,0.068819401,56,0.805157593,AAVE,9,0.012893983,38.77777778
321,321,485,546,2022/05/06,2.251546392,3.531824424,23.1,8.116512661,10.25961538,0.004651955,0.007297158,0.019159407,0.129475556,0.791462048,0.0089141,0.021796752,0.039875251,0.118844603,0.059708803,34,0.818556701,AAVE,10,0.020618557,23
322,322,562,670,2022/06/06,2.384341637,4.288396275,28.5,12.76496943,11.95298507,0.004250163,0.0076442,0.014495675,0.105878124,0.762355759,0.008381265,0.018521742,0.037932371,0.131312141,0.065397245,42,0.814946619,AAVE,10,0.017793594,28.5
323,323,665,735,2022/07/06,2.210526316,5.192169486,31.9,26.97509139,14.43095238,0.003329106,0.007819532,0.015835718,0.116822656,0.816418159,0.006097561,0.012999215,0.036562139,0.128281117,0.064389572,47,0.813533835,AAVE,1,0.001503759,104
324,324,1305,1600,2021/08/06,2.45210728,9.625632666,84.4,70.53005663,34.419375,0.00188045,0.00738162,0.011375089,0.092953569,0.745548047,0.001578117,0.011224557,0.025313709,0.174371157,0.069354832,56,0.881992337,AAVE,3,0.002298851,169.3333333
325,325,1110,1269,2021/09/06,2.286486486,8.166708536,61.2,59.64487498,26.76595745,0.002061755,0.007364029,0.009278878,0.077959621,0.777325084,0.002408391,0.01113617,0.02788525,0.146582064,0.071924742,84,0.827927928,AAVE,1,0.000900901,229
326,326,906,1023,2021/10/06,2.258278146,6.934863713,50.2,41.59807688,22.22932551,0.002495335,0.007662833,0.015556998,0.116879109,0.772420067,0.001952362,0.012335212,0.030864977,0.146507415,0.072328117,67,0.822295806,AAVE,14,0.015452539,42.85714286
327,327,1001,1158,2021/11/06,2.313686314,7.167810161,58,38.76711092,25.06822107,0.002313686,0.00716781,0.008865056,0.085495483,0.768441584,0.001433718,0.011439291,0.029479005,0.148971353,0.068768935,73,0.841158841,AAVE,16,0.015984016,47.3125
328,328,908,1122,2021/12/06,2.471365639,6.762326367,51.4,35.01491746,20.79821747,0.002724769,0.007455707,0.009793652,0.071319984,0.744306068,0.006432592,0.012729226,0.030664703,0.142227039,0.067580896,65,0.833700441,AAVE,17,0.018722467,41.11764706
329,329,685,785,2022/01/07,2.291970803,5.92664785,37.7,31.78067197,16.44872611,0.003350835,0.00866469,0.006289699,0.069214712,0.778760193,0.002072618,0.014480082,0.035383739,0.146464056,0.067880943,41,0.840875912,AAVE,3,0.004379562,74.66666667
330,330,580,609,2022/02/07,2.1,5.008835027,28.6,26.78805704,13.61904762,0.003626943,0.008650838,0.001177243,0.016932407,0.818254373,0.00075643,0.014952412,0.038770542,0.115748251,0.066483146,45,0.768965517,AAVE,2,0.003448276,74
331,331,598,714,2022/03/07,2.387959866,4.546796194,32.4,12.55388386,13.56806723,0.003999933,0.007616074,0.00750944,0.074847539,0.742787311,0.002932551,0.018228149,0.036636319,0.140855873,0.062755134,42,0.852842809,AAVE,12,0.02006689,29.66666667
332,332,633,739,2022/04/07,2.334913112,4.395588701,30.8,14.62721968,13.19106901,0.003694483,0.006955045,0.007938158,0.073594639,0.774172757,0.006345178,0.016397603,0.036234951,0.127994553,0.064752335,47,0.812006319,AAVE,12,0.018957346,28.25
333,333,497,530,2022/05/07,2.132796781,3.830384522,25,11.10555417,11.72169811,0.004299994,0.007722549,0.011037731,0.101024004,0.803175507,0.002830856,0.017011405,0.041547054,0.105016234,0.06355889,46,0.742454728,AAVE,9,0.018108652,26.33333333
334,334,510,577,2022/06/07,2.262745098,4.71939362,28.1,19.38183571,12.41854419,0.004445472,0.009271893,0.013376774,0.109315228,0.791716853,0.003282789,0.015256967,0.041610145,0.125906995,0.064346915,36,0.807843137,AAVE,5,0.009803922,40.4
335,335,727,893,2022/07/07,2.456671252,5.430297764,40.8,18.12181006,16.60783875,0.003383845,0.007479749,0.01400937,0.094655665,0.762265048,0.011496168,0.017180647,0.032891173,0.14434489,0.073872552,54,0.80605227,AAVE,9,0.012379642,42.77777778
336,336,1253,1536,2021/08/07,2.451715882,9.55638759,84.2,65.92049083,34.34329427,0.00195824,0.007632897,0.006471977,0.063712805,0.72967932,0.001060624,0.012101474,0.025537412,0.164340659,0.068604863,67,0.869114126,AAVE,3,0.002394254,166
337,337,1397,1695,2021/09/07,2.42662849,8.505927877,80.5,56.40971154,33.17359882,0.001738273,0.006093072,0.023131561,0.135233297,0.760096762,0.003685155,0.010403212,0.024658224,0.151301397,0.067049405,87,0.858983536,AAVE,5,0.003579098,114.6
338,338,859,966,2021/10/07,2.249126892,6.833064994,47.3,41.2635163,21.03038302,0.00262136,0.007963945,0.007747226,0.079448902,0.77421085,0.001271546,0.012777152,0.031655257,0.130848278,0.069789078,66,0.796274738,AAVE,16,0.01862631,38.1875
339,339,999,1118,2021/11/07,2.238238238,7.221745392,54,47.59785243,24.12611807,0.002242724,0.007236218,0.009484107,0.079495118,0.774162269,0.002627545,0.011584344,0.029456282,0.126471439,0.0692021,84,0.78978979,AAVE,1,0.001001001,187
340,340,772,919,2021/12/07,2.380829016,6.409505371,41.9,35.88082125,17.59891186,0.003087975,0.008313237,0.012860124,0.103726908,0.768650222,0.003156787,0.013456248,0.033402267,0.137601487,0.067663083,48,0.817357513,AAVE,16,0.020725389,34.125
341,341,762,977,2022/01/08,2.564304462,7.202473393,47.9,40.34972119,18.67952917,0.003369651,0.009464485,0.017903029,0.112948496,0.737236375,0.004514248,0.015042264,0.032977165,0.159626233,0.070887601,48,0.854330709,AAVE,3,0.003937008,98.33333333
342,342,727,814,2022/02/08,2.239339752,5.555425076,37.3,28.54256081,16.65669533,0.00308449,0.007652101,0.008310621,0.067486129,0.799905976,0.00442188,0.01315659,0.034699801,0.12233145,0.062744298,47,0.799174691,AAVE,2,0.002751032,89
343,343,731,808,2022/03/08,2.210670315,4.546495982,33.6,17.0893079,15.1990099,0.003028315,0.006228077,0.005327813,0.055690993,0.812510722,0.004225352,0.011768058,0.035088262,0.10494019,0.060003622,58,0.734610123,AAVE,10,0.013679891,33.6
344,344,691,797,2022/04/08,2.306801737,5.272427325,39.6,18.48242408,17.16662484,0.003343191,0.007641199,0.018171856,0.108928997,0.796260758,0.009596387,0.015464153,0.034782017,0.11382193,0.058125332,45,0.756874096,AAVE,9,0.013024602,41.55555556
345,345,613,674,2022/05/08,2.199021207,4.567882945,33.5,13.3354165,15.23405045,0.003593172,0.007463861,0.011153406,0.09970553,0.776763465,0.008341443,0.021440857,0.034256757,0.11671729,0.067282435,62,0.760195759,AAVE,8,0.013050571,37.125
346,346,461,504,2022/06/08,2.186550976,5.345855082,25.2,27.72002886,11.525,0.004753372,0.011621424,0.002463588,0.046822458,0.787611804,0.00041841,0.017938053,0.04302836,0.135872036,0.05795229,29,0.874186551,AAVE,14,0.030368764,53.33333333
347,347,758,980,2022/07/08,2.585751979,5.88304396,42.5,25.13629514,16.43622449,0.003415789,0.007771524,0.023980278,0.128666629,0.724634527,0.012488058,0.015409573,0.032912541,0.147905891,0.073522283,55,0.819261214,AAVE,7,0.009234828,51
348,348,1091,1306,2021/08/08,2.394133822,8.199156505,68.1,51.15434162,28.44452527,0.002196453,0.007522162,0.011204725,0.091862375,0.757401931,0.001638364,0.011646063,0.027958469,0.157826257,0.070429445,59,0.848762603,AAVE,3,0.002749771,127.6666667
349,349,1070,1314,2021/09/08,2.456074766,8.208202537,66.5,51.06259775,27.07572298,0.002297544,0.007678393,0.020926903,0.128056023,0.73961222,0.004113382,0.0123055,0.027997977,0.161166983,0.067226636,59,0.874766355,AAVE,10,0.009345794,66.5
350,350,917,1084,2021/10/08,2.364231189,6.657099404,51.3,34.8330941,21.69838561,0.002581038,0.007267576,0.004567038,0.059696158,0.751872677,0.001102435,0.012312316,0.030658513,0.145903116,0.068437761,62,0.837513631,AAVE,13,0.014176663,45.30769231
351,351,1009,1187,2021/11/08,2.352824579,7.807606845,57.5,52.12005372,24.43871104,0.002334151,0.007745642,0.004834003,0.064757558,0.754031849,0.00037123,0.012067668,0.029091071,0.147422335,0.069833574,66,0.839444995,AAVE,1,0.00099108,49.78571429
352,352,849,933,2021/12/08,2.197879859,6.39176543,43.5,39.06760522,19.79180064,0.002591839,0.007537459,0.004518585,0.0600204,0.798529332,0.002115082,0.011607231,0.032316537,0.13580958,0.066533726,63,0.822143698,AAVE,3,0.003533569,89.66666667
353,353,564,624,2022/01/09,2.212765957,5.479570987,31.1,28.06520186,14.05480769,0.003930313,0.009732808,0.007585811,0.084276874,0.791540824,0.001629018,0.015908746,0.039021292,0.149866869,0.066849345,34,0.859929078,AAVE,6,0.010638298,1.992818671
354,354,590,639,2022/02/09,2.166101695,5.011653996,30,24.97999199,13.84976526,0.003677592,0.00850875,0.011653911,0.102359168,0.796876722,0.001473839,0.015126562,0.038322207,0.12260421,0.065559794,49,0.8,AAVE,2,0.003389831,71
355,355,695,725,2022/03/09,2.086330935,5.096591524,34.5,25.65692456,16.5362069,0.003006241,0.007343792,0.009960395,0.094393758,0.847186683,0.001836547,0.011371722,0.03621353,0.107218027,0.059111797,54,0.782733813,AAVE,2,0.002877698,33.28571429
356,356,584,631,2022/04/09,2.160958904,4.250894339,28.9,15.68049036,13.37369255,0.003706619,0.007291414,0.002978322,0.028800454,0.796614937,0.002,0.016497564,0.037981962,0.127970287,0.062418611,48,0.823630137,AAVE,6,0.010273973,38.16666667
357,357,764,926,2022/05/09,2.42408377,4.831172921,37.3,14.11106737,15.38725702,0.003177043,0.006331812,0.008887201,0.082962005,0.751935914,0.006750147,0.016851248,0.032035594,0.126234137,0.068767562,63,0.784031414,AAVE,14,0.018324607,32.14285714
358,358,455,470,2022/06/09,2.065934066,3.868437168,24.3,11.25512229,11.76223404,0.004550516,0.008520787,0.007904037,0.075726785,0.823481213,0.005387378,0.018656282,0.043056006,0.09596051,0.058054832,44,0.703296703,AAVE,10,0.021978022,24.3
359,359,891,1148,2022/07/09,2.57687991,6.609958755,55.8,23.47954192,21.65409408,0.002895371,0.00742692,0.020072657,0.12156143,0.745490187,0.008045923,0.016620341,0.029104113,0.149423096,0.063619699,48,0.865319865,AAVE,10,0.011223345,55.8
360,360,1077,1321,2021/08/09,2.453110492,9.146112693,68.2,66.1274863,27.8014383,0.002279842,0.008500105,0.008511962,0.083026465,0.723493316,0.00140665,0.012457154,0.027821631,0.171839718,0.06940955,55,0.883936862,AAVE,1,0.000928505,243
361,361,1095,1314,2021/09/09,2.4,8.211932282,65,55.25697543,27.08333333,0.002193784,0.007506337,0.020053512,0.125273907,0.749687535,0.003718528,0.012036546,0.027732038,0.150776227,0.070330667,74,0.843835616,AAVE,1,0.000913242,213
362,362,888,1040,2021/10/09,2.342342342,6.543405325,47.9,35.2087426,20.44961538,0.002640747,0.007377007,0.011416899,0.098206712,0.759773021,0.001324698,0.011897558,0.031395609,0.144380228,0.065606943,62,0.841216216,AAVE,17,0.019144144,38.70588235
363,363,921,1108,2021/11/09,2.406080347,7.245547805,52.4,43.72947137,21.77815884,0.002615305,0.007875595,0.009888674,0.089492547,0.749107248,0.002217381,0.012572864,0.030474707,0.15928737,0.064831718,49,0.883821933,AAVE,9,0.009771987,176
364,364,722,789,2021/12/09,2.185595568,5.686337886,34.7,33.79694266,15.87667934,0.003031339,0.007886738,0.006325359,0.071345321,0.785320495,0.000952986,0.013183608,0.034826914,0.121946214,0.066093932,63,0.792243767,AAVE,1,0.001385042,129
