Address,Days_count,Type
0xddfabcdc4d8ffc6d5beaf154f18b778f892a0740,356,Address
0x28c6c06298d514db089934071355e5743bf21d60,258,Address
0x4da27a545c0c5b758a6ba100e3a049001de870f5,221,Contract
0x5ab53ee1d50eef2c1dd3d5402789cd27bb52c1bb,201,Contract
0xd75ea151a61d06868e31f8988d28dfe5e9df57b4,195,Contract
0x2faf487a4414fe77e2327f0bf4ae2a264a776ad2,190,Address
0x4f6742badb049791cd9a37ea913f2bac38d01279,157,Address
0xdfc14d2af169b0d36c4eff567ada9b2e0cae044f,155,Contract
0xdfd5293d8e347dfe59e90efd55b2956a1343963d,145,Address
0x21a31ee1afc51d94c2efccaa2092ad1028285549,144,Address
0x25f2226b597e8f9514b3f68f00f494cf4f286491,125,Contract
0x26a78d5b6d7a7aceedd1e6ee3229b372a624d8b7,121,Address
0x5f65f7b609678448494de4c87521cdf6cef1e932,105,Contract
0xe93381fb4c4f14bda253907b18fad305d799241a,70,Address
0xa1d8d972560c2f8144af871db508f0b0b10a3fbf,61,Address
0xc08d3b738bc4f55e81d51a395e60d5a4c69672f0,48,Address
0xa9fab8c398c7ce51f95fad7f1d691134024170f5,48,Address
0x74de5d4fcbf63e00296fd95d33236b9794016631,38,Contract
0x6cc5f688a315f3dc28a7781717a9a798a59fda7b,32,Address
0xc697051d1c6296c24ae3bcef39aca743861d9a81,28,Contract
0xf16e9b0d03470827a95cdfd0cb8a8a3b46969b91,24,Address
0x1938a448d105d26c40a52a1bfe99b8ca7a745ad0,21,Address
0xd152f549545093347a162dce210e7293f1452150,14,Contract
0xa03d3611b34c3c49dbcb8206ed08fe6467f684a5,10,Address
0x8f714cc7d4eca9764478227ff5991453d5031295,9,Address
0x7abe0ce388281d2acf297cb089caef3819b13448,9,Address
0xa12431d0b9db640034b0cdfceef9cce161e62be4,7,Address
0xffc97d72e13e01096502cb8eb52dee56f74dad7b,7,Contract
0x00000000ae347930bd1e7b0f35588b92280f9e75,6,Contract
0x1353fe67fff8f376762b7034dc9066f0be15a723,5,Contract
0x89c51828427f70d77875c6747759fb17ba10ceb0,5,Contract
0x0d0707963952f2fba59dd06f2b425ace40b492fe,5,Address
0x6262998ced04146fa42253a5c0af90ca02dfd2a3,4,Address
0xe78388b4ce79068e89bf8aa7f218ef6b9ab0e9d0,4,Address
0x9008d19f58aabd9ed0d60971565aa8510560ab41,4,Contract
0x56178a0d5f301baf6cf3e1cd53d9863437345bf9,3,Address
0x738cf6903e6c4e699d1c2dd9ab8b67fcdb3121ea,3,Address
0x220bda5c8994804ac96ebe4df184d25e5c2196d4,3,Contract
0x3bfdea17c92c933eb2c7d38aa503b249e7e6a6a4,3,Address
0xf60c2ea62edbfe808163751dd0d8693dcb30019c,3,Address
0x27239549dd40e1d60f5b80b0c4196923745b1fd2,3,Contract
0x59c38b6775ded821f010dbd30ecabdcf84e04756,3,Contract
