,index,0
0,0xddfabcdc4d8ffc6d5beaf154f18b778f892a0740,356
1,0x28c6c06298d514db089934071355e5743bf21d60,258
2,0x4da27a545c0c5b758a6ba100e3a049001de870f5,221
3,0x5ab53ee1d50eef2c1dd3d5402789cd27bb52c1bb,201
4,0xd75ea151a61d06868e31f8988d28dfe5e9df57b4,195
5,0x2faf487a4414fe77e2327f0bf4ae2a264a776ad2,190
6,0x4f6742badb049791cd9a37ea913f2bac38d01279,157
7,0xdfc14d2af169b0d36c4eff567ada9b2e0cae044f,155
8,0xdfd5293d8e347dfe59e90efd55b2956a1343963d,145
9,0x21a31ee1afc51d94c2efccaa2092ad1028285549,144
10,0x25f2226b597e8f9514b3f68f00f494cf4f286491,125
11,0x26a78d5b6d7a7aceedd1e6ee3229b372a624d8b7,121
12,0x5f65f7b609678448494de4c87521cdf6cef1e932,105
13,0xe93381fb4c4f14bda253907b18fad305d799241a,70
14,0xa1d8d972560c2f8144af871db508f0b0b10a3fbf,61
15,0xc08d3b738bc4f55e81d51a395e60d5a4c69672f0,48
16,0xa9fab8c398c7ce51f95fad7f1d691134024170f5,48
17,0x74de5d4fcbf63e00296fd95d33236b9794016631,38
18,0x6cc5f688a315f3dc28a7781717a9a798a59fda7b,32
19,0xc697051d1c6296c24ae3bcef39aca743861d9a81,28
20,0xf16e9b0d03470827a95cdfd0cb8a8a3b46969b91,24
21,0x1938a448d105d26c40a52a1bfe99b8ca7a745ad0,21
22,0xd152f549545093347a162dce210e7293f1452150,14
23,0xa03d3611b34c3c49dbcb8206ed08fe6467f684a5,10
24,0x8f714cc7d4eca9764478227ff5991453d5031295,9
25,0x7abe0ce388281d2acf297cb089caef3819b13448,9
26,0xa12431d0b9db640034b0cdfceef9cce161e62be4,7
27,0xffc97d72e13e01096502cb8eb52dee56f74dad7b,7
28,0x00000000ae347930bd1e7b0f35588b92280f9e75,6
29,0x1353fe67fff8f376762b7034dc9066f0be15a723,5
30,0x89c51828427f70d77875c6747759fb17ba10ceb0,5
31,0x0d0707963952f2fba59dd06f2b425ace40b492fe,5
32,0x6262998ced04146fa42253a5c0af90ca02dfd2a3,4
33,0xe78388b4ce79068e89bf8aa7f218ef6b9ab0e9d0,4
34,0x9008d19f58aabd9ed0d60971565aa8510560ab41,4
35,0x56178a0d5f301baf6cf3e1cd53d9863437345bf9,3
36,0x738cf6903e6c4e699d1c2dd9ab8b67fcdb3121ea,3
37,0x220bda5c8994804ac96ebe4df184d25e5c2196d4,3
38,0x3bfdea17c92c933eb2c7d38aa503b249e7e6a6a4,3
39,0xf60c2ea62edbfe808163751dd0d8693dcb30019c,3
40,0x27239549dd40e1d60f5b80b0c4196923745b1fd2,3
41,0x59c38b6775ded821f010dbd30ecabdcf84e04756,3
42,0xffec0067f5a79cff07527f63d83dd5462ccf8ba4,2
43,0x5ba42facdbc4aeae6befcc567fd62e9242fc69ad,2
44,0x3c158344d31d23b3f55ac6b505d85c3c4f5c7d99,2
45,0xcb0238d7240981e7fc54cd5361a94ee3167e781c,2
46,0x000000000dfde7deaf24138722987c9a6991e2d4,2
47,0x0000006daea1723962647b7e189d311d757fb793,2
48,0x4982e65c1e952cc0abfc90db88e848ba72a1cf09,1
49,0x0b428e8e6f25177b5077bb2068747b1da7734e79,1
50,0xc176761d388caf2f56cf03329d82e1e7c48ae09c,1
51,0xf05e2a70346560d3228c7002194bb7c5dc8fe100,1
52,0xb15519f92d4b58c0f19a8cabbbdf8450d952b157,1
53,0xff2762e34bf92592c1e6fcc7384b442bdf2601c3,1
54,0xba12222222228d8ba445958a75a0704d566bf2c8,1
55,0x167a9333bf582556f35bd4d16a7e80e191aa6476,1
56,0x9acbb72cf67103a30333a32cd203459c6a9c3311,1
57,0x3cc936b795a188f0e246cbb2d74c5bd190aecf18,1
58,0x49ff149d649769033d43783e7456f626862cd160,1
59,0x7ccef9ed17824214d60403171d889bd4ce878b27,1
60,0x68b22215ff74e3606bd5e6c1de8c2d68180c85f7,1
61,0xfd564fcb003801c43313ed0848f245bd70f1e951,1
62,0x916ed5586bb328e0ec1a428af060dc3d10919d84,1
63,0x40ec5b33f54e0e8a33a975908c5ba1c14e5bbbdf,1
64,0x4d246be90c2f36730bb853ad41d0a189061192d3,1
65,0x5770815b0c2a09a43c9e5aecb7e2f3886075b605,1
66,0x6643887784cb89cc9537dbb7ea20b00c45abeefb,1
67,0xe88f7dee993e57788bdab011ddf3696a421fb9f0,1
68,0x95b564f3b3bae3f206aa418667ba000afafacc8a,1
69,0x000000cce580fb2b76b2d1196c237db199d82505,1
70,0xf3e36ad56aa85abdacc18c02d19509ae4f7d5899,1
71,0x1111111254fb6c44bac0bed2854e76f90643097d,1
72,0x2d615795a8bdb804541c69798f13331126ba0c09,1
73,0xfd021e3cf72d4dea6109e2fe7da177dfd519d4d2,1
74,0x00000000003b3cc22af3ae1eac0440bcee416b40,1
75,0xfac62a00468bdfa4c880267dbb484b31da89f3ff,1
76,0x2057cfb9fd11837d61b294d514c5bd03e5e7189a,1
77,0x8c54ebdd960056d2cff5998df5695daca1fc0190,1
78,0x0000000000007f150bd6f54c40a34d7c3d5e9f56,1
79,0xfc154cf1e6a99e7434e11863a73215071ad9d6e8,1
80,0xff4e804c5e0bde560fcc63ca320ed56efaff2c33,1
81,0xfd2db685f285179e1153ddd03ea6a21a03087d92,1
82,0x75e89d5979e4f6fba9f97c104c2f0afb3f1dcb88,1
83,0xfd3dfb524b2da40c8a6d703c62be36b5d8540626,1
84,0x002e1798bff1ea5bcd703133eb61706070080c19,1
85,0xfa103c21ea2df71dfb92b0652f8b1d795e51cdef,1
86,0xd11616e66b128c0b756b91cc13466defaae67d07,1
